-- MySQL dump 10.13  Distrib 5.7.10, for Win32 (AMD64)
--
-- Host: 52.29.239.198    Database: sql7111307
-- ------------------------------------------------------
-- Server version	5.5.47-0ubuntu0.14.04.1

/*!40101 SET @OLD_CHARACTER_SET_CLIENT=@@CHARACTER_SET_CLIENT */;
/*!40101 SET @OLD_CHARACTER_SET_RESULTS=@@CHARACTER_SET_RESULTS */;
/*!40101 SET @OLD_COLLATION_CONNECTION=@@COLLATION_CONNECTION */;
/*!40101 SET NAMES utf8 */;
/*!40103 SET @OLD_TIME_ZONE=@@TIME_ZONE */;
/*!40103 SET TIME_ZONE='+00:00' */;
/*!40014 SET @OLD_UNIQUE_CHECKS=@@UNIQUE_CHECKS, UNIQUE_CHECKS=0 */;
/*!40014 SET @OLD_FOREIGN_KEY_CHECKS=@@FOREIGN_KEY_CHECKS, FOREIGN_KEY_CHECKS=0 */;
/*!40101 SET @OLD_SQL_MODE=@@SQL_MODE, SQL_MODE='NO_AUTO_VALUE_ON_ZERO' */;
/*!40111 SET @OLD_SQL_NOTES=@@SQL_NOTES, SQL_NOTES=0 */;

--
-- Table structure for table `Application`
--

DROP TABLE IF EXISTS `Application`;
/*!40101 SET @saved_cs_client     = @@character_set_client */;
/*!40101 SET character_set_client = utf8 */;
CREATE TABLE `Application` (
  `id` int(11) unsigned NOT NULL AUTO_INCREMENT,
  `name` varchar(75) COLLATE utf8_bin NOT NULL,
  `description` varchar(255) COLLATE utf8_bin NOT NULL,
  `deleted` bit(1) NOT NULL DEFAULT b'0',
  PRIMARY KEY (`id`),
  UNIQUE KEY `name` (`name`)
) ENGINE=InnoDB AUTO_INCREMENT=14 DEFAULT CHARSET=utf8 COLLATE=utf8_bin;
/*!40101 SET character_set_client = @saved_cs_client */;

--
-- Dumping data for table `Application`
--

LOCK TABLES `Application` WRITE;
/*!40000 ALTER TABLE `Application` DISABLE KEYS */;
INSERT INTO `Application` VALUES (2,'a1','d1','\0'),(3,'a2','d2',''),(4,'NewApplication','NewApp','\0'),(5,'testService','0','\0'),(6,'5thApplication','Desc.For_5thApplicationUrah','\0'),(11,'a0','ao',''),(12,'kamikadze11','desc11',''),(13,'werewrwe','werewrwewerewrwewerewrwewerewrwewerewrwewerewrwewerewrwewerewrwewerewrwewerewrwewerewrwewerewrwewerewrwewerewrwewerewrwewerewrwewerewrwewerewrwewerewrwewerewrwewerewrwe','');
/*!40000 ALTER TABLE `Application` ENABLE KEYS */;
UNLOCK TABLES;

--
-- Table structure for table `BuildVersion`
--

DROP TABLE IF EXISTS `BuildVersion`;
/*!40101 SET @saved_cs_client     = @@character_set_client */;
/*!40101 SET character_set_client = utf8 */;
CREATE TABLE `BuildVersion` (
  `id` int(11) unsigned NOT NULL AUTO_INCREMENT,
  `name` varchar(75) COLLATE utf8_bin NOT NULL,
  `description` varchar(255) COLLATE utf8_bin NOT NULL,
  `deleted` bit(1) NOT NULL DEFAULT b'0',
  PRIMARY KEY (`id`),
  UNIQUE KEY `name` (`name`)
) ENGINE=InnoDB AUTO_INCREMENT=35 DEFAULT CHARSET=utf8 COLLATE=utf8_bin;
/*!40101 SET character_set_client = @saved_cs_client */;

--
-- Dumping data for table `BuildVersion`
--

LOCK TABLES `BuildVersion` WRITE;
/*!40000 ALTER TABLE `BuildVersion` DISABLE KEYS */;
INSERT INTO `BuildVersion` VALUES (1,'v1.0','first testing','\0'),(4,'v1.1','version one point one','\0'),(5,'v1.2','version one point two','\0'),(6,'v1.3','version one point three','\0'),(7,'gfbnfgwwwwww','zwww',''),(8,'v2.1','version two point one','\0'),(9,'adsdfa','1',''),(12,'kia','aaa',''),(13,'12','q',''),(14,'v2.2','version two point two','\0'),(15,'zxcczx','w',''),(16,'161','12',''),(18,'45','494',''),(19,'529','59',''),(21,'494','000',''),(22,'v2.0','testingversion',''),(23,'sqqs','sqqq',''),(24,'1222','w',''),(25,'dsq','a',''),(26,'qwqwwqw','qwqqwqq',''),(27,'nj','yukgvy',''),(28,'a1.7','aut a7',''),(29,'test length_0075test length_0075test length_0075test length_0075test length','test length 0255test 0255teslengt0255test  length 0255test length 0255test length 0255test length 0255test length 0255test length 0255test length 0255test length 0255test length 0255test length 0255test length 0255test length 0255test length 0255',''),(30,'a','a',''),(31,'z','z','\0'),(32,'k','k','\0'),(33,'y','y','\0'),(34,'w','w','\0');
/*!40000 ALTER TABLE `BuildVersion` ENABLE KEYS */;
UNLOCK TABLES;

--
-- Table structure for table `DbValidation`
--

DROP TABLE IF EXISTS `DbValidation`;
/*!40101 SET @saved_cs_client     = @@character_set_client */;
/*!40101 SET character_set_client = utf8 */;
CREATE TABLE `DbValidation` (
  `id` int(11) unsigned NOT NULL AUTO_INCREMENT,
  `sqlQuery` text COLLATE utf8_bin NOT NULL,
  `expectedValue` varchar(255) COLLATE utf8_bin NOT NULL,
  `requestId` int(11) unsigned NOT NULL,
  PRIMARY KEY (`id`),
  KEY `FK_DbValidation_Request_id` (`requestId`),
  CONSTRAINT `FK_DbValidation_Request_id` FOREIGN KEY (`requestId`) REFERENCES `Request` (`id`) ON DELETE CASCADE ON UPDATE CASCADE
) ENGINE=InnoDB AUTO_INCREMENT=195 DEFAULT CHARSET=utf8 COLLATE=utf8_bin;
/*!40101 SET character_set_client = @saved_cs_client */;

--
-- Dumping data for table `DbValidation`
--

LOCK TABLES `DbValidation` WRITE;
/*!40000 ALTER TABLE `DbValidation` DISABLE KEYS */;
INSERT INTO `DbValidation` VALUES (129,'SELECT age FROM Author where id = 294','72',67),(134,'SELECT age FROM Author where id = 294','72',73),(158,'select count(*) from Author where lastName = \"${lastName}\"','1',75),(159,'select count(*) from AuthorLogs where authorLastName = \"${lastName}\"','1',75),(181,'select count(*) from Author where lastName = \"${lastName}\"','1',156),(190,'select count(*) from Author where lastName = \"${lastName}\"','1',76),(191,'select count(*) from AuthorLogs where authorLastName = \"${lastName}\"','1',76),(192,'select count(*) from Author where lastName = \"${lastName}\"','1',170),(193,'select count(*) from AuthorLogs where authorLastName = \"${lastName}\"','1',170),(194,'select id from Book where Name = \"Three Comrades\"','75',163);
/*!40000 ALTER TABLE `DbValidation` ENABLE KEYS */;
UNLOCK TABLES;

--
-- Table structure for table `DbValidationHistory`
--

DROP TABLE IF EXISTS `DbValidationHistory`;
/*!40101 SET @saved_cs_client     = @@character_set_client */;
/*!40101 SET character_set_client = utf8 */;
CREATE TABLE `DbValidationHistory` (
  `id` int(11) unsigned NOT NULL AUTO_INCREMENT,
  `sqlQuery` text COLLATE utf8_bin NOT NULL,
  `expectedValue` varchar(255) COLLATE utf8_bin NOT NULL,
  `actualValue` varchar(255) COLLATE utf8_bin DEFAULT NULL,
  `resultHistoryId` int(11) unsigned NOT NULL,
  PRIMARY KEY (`id`),
  KEY `FK_DbValidationHistory_ResultHistory_id` (`resultHistoryId`),
  CONSTRAINT `FK_DbValidationHistory_ResultHistory_id` FOREIGN KEY (`resultHistoryId`) REFERENCES `ResultHistory` (`id`) ON DELETE CASCADE ON UPDATE CASCADE
) ENGINE=InnoDB AUTO_INCREMENT=182 DEFAULT CHARSET=utf8 COLLATE=utf8_bin;
/*!40101 SET character_set_client = @saved_cs_client */;

--
-- Dumping data for table `DbValidationHistory`
--

LOCK TABLES `DbValidationHistory` WRITE;
/*!40000 ALTER TABLE `DbValidationHistory` DISABLE KEYS */;
INSERT INTO `DbValidationHistory` VALUES (14,'select count(*) from AuthorLogs where authorLastName = \"${lastName}\"','1','0',148),(15,'select count(*) from AuthorLogs where authorLastName = \"${lastName}\"','1','0',207),(16,'select count(*) from AuthorLogs where authorLastName = \"${lastName}\"','1','0',211),(17,'select count(*) from Author where lastName = \"${lastName}\"','1','0',238),(18,'select count(*) from AuthorLogs where authorLastName = \"${lastName}\"','1','0',238),(19,'select count(*) from Author where lastName = \"${lastName}\"','1','0',250),(20,'select count(*) from AuthorLogs where authorLastName = \"${lastName}\"','1','0',250),(21,'select count(*) from Author where lastName = \"${lastName}\"','1',NULL,251),(22,'select count(*) from AuthorLogs where authorLastName = \"${lastName}\"','1',NULL,251),(23,'select count(*) from Author where lastName = \"${lastName}\"','1','0',252),(24,'select count(*) from AuthorLogs where authorLastName = \"${lastName}\"','1','0',252),(25,'select count(*) from Author where lastName = \"${lastName}\"','1',NULL,253),(26,'select count(*) from AuthorLogs where authorLastName = \"${lastName}\"','1',NULL,253),(27,'select count(*) from Author where lastName = \"${lastName}\"','1',NULL,254),(28,'select count(*) from AuthorLogs where authorLastName = \"${lastName}\"','1',NULL,254),(29,'select count(*) from Author where lastName = \"${lastName}\"','1',NULL,255),(30,'select count(*) from AuthorLogs where authorLastName = \"${lastName}\"','1',NULL,255),(31,'select count(*) from Author where lastName = \"${lastName}\"','1','0',256),(32,'select count(*) from AuthorLogs where authorLastName = \"${lastName}\"','1','0',256),(33,'select count(*) from Author where lastName = \"${lastName}\"','1','0',257),(34,'select count(*) from AuthorLogs where authorLastName = \"${lastName}\"','1','0',257),(35,'SELECT age FROM Author where id = 294','72','72',259),(36,'SELECT age FROM Author where id = 294','72','72',261),(37,'SELECT age FROM Author where id = 294','72','72',264),(38,'select count(*) from Author where lastName = \"${lastName}\"','1',NULL,265),(39,'select count(*) from AuthorLogs where authorLastName = \"${lastName}\"','1',NULL,265),(40,'select count(*) from Author where lastName = \"${lastName}\"','1',NULL,266),(41,'select count(*) from AuthorLogs where authorLastName = \"${lastName}\"','1',NULL,266),(42,'select count(*) from Author where lastName = \"UkrainkacFln0\"','1',NULL,268),(43,'select count(*) from AuthorLogs where authorLastName = \"UkrainkacFln0\"','1',NULL,268),(44,'SELECT age FROM Author where id = 294','72',NULL,269),(45,'SELECT age FROM Author where id = 294','72',NULL,271),(46,'select count(*) from Author where lastName = \"UkrainkajGjkX\"','1',NULL,272),(47,'select count(*) from AuthorLogs where authorLastName = \"UkrainkajGjkX\"','1',NULL,272),(48,'SELECT age FROM Author where id = 294','72',NULL,273),(49,'SELECT age FROM Author where id = 294','72',NULL,274),(50,'SELECT age FROM Author where id = 294','72',NULL,275),(51,'SELECT age FROM Author where id = 294','72',NULL,276),(52,'SELECT age FROM Author where id = 294','72',NULL,277),(53,'SELECT age FROM Author where id = 294','72',NULL,278),(54,'SELECT age FROM Author where id = 294','72',NULL,279),(55,'SELECT age FROM Author where id = \"294\"','72',NULL,280),(56,'select count(*) from Author where lastName = \"Ukrainka867nT\"','1',NULL,285),(57,'select count(*) from AuthorLogs where authorLastName = \"Ukrainka867nT\"','1',NULL,285),(58,'SELECT age FROM Author where id = 294','72',NULL,287),(59,'SELECT age FROM Author where id = 294','72','72',291),(60,'SELECT age FROM Author where id = 294','72',NULL,290),(61,'SELECT age FROM Author where id = 294','72',NULL,295),(62,'SELECT age FROM Author where id = 294','72',NULL,296),(63,'SELECT age FROM Author where id = 294','72','72',293),(64,'SELECT age FROM Author where id = 294','72','72',298),(65,'SELECT age FROM Author where id = 294','72','72',300),(66,'SELECT age FROM Author where id = 294','72','72',301),(67,'SELECT age FROM Author where id = 294','72',NULL,302),(68,'SELECT age FROM Author where id = 294','72','72',303),(69,'SELECT age FROM Author where id = 294','72','72',304),(70,'SELECT age FROM Author where id = 294','72',NULL,306),(71,'SELECT age FROM Author where id = 294','72',NULL,307),(72,'select count(*) from Author where lastName = \"Ukrainkap0e8T\"','1',NULL,309),(73,'select count(*) from AuthorLogs where authorLastName = \"Ukrainkap0e8T\"','1',NULL,309),(74,'SELECT age FROM Author where id = 294','72','72',312),(75,'SELECT age FROM Author where id = 294','72','72',315),(76,'SELECT age FROM Author where id = 294','72','72',317),(77,'SELECT age FROM Author where id = 294','72','72',319),(78,'SELECT age FROM Author where id = 294','72',NULL,321),(79,'select count(*) from Author where lastName = \"Ukrainka66W7K\"','1',NULL,322),(80,'select count(*) from AuthorLogs where authorLastName = \"Ukrainka66W7K\"','1',NULL,322),(81,'select count(*) from Author where lastName = \"Ukrainka0HyHg\"','1',NULL,323),(82,'select count(*) from AuthorLogs where authorLastName = \"Ukrainka0HyHg\"','1',NULL,323),(83,'select count(*) from Author where lastName = \"Ukrainkaqcrxt\"','1',NULL,324),(84,'select count(*) from AuthorLogs where authorLastName = \"Ukrainkaqcrxt\"','1',NULL,324),(85,'select count(*) from Author where lastName = \"UkrainkaVhgnm\"','1',NULL,325),(86,'select count(*) from AuthorLogs where authorLastName = \"UkrainkaVhgnm\"','1',NULL,325),(87,'select count(*) from Author where lastName = \"UkrainkaF1sUT\"','1',NULL,326),(88,'select count(*) from AuthorLogs where authorLastName = \"UkrainkaF1sUT\"','1',NULL,326),(89,'select count(*) from Author where lastName = \"UkrainkahRSoV\"','1',NULL,327),(90,'select count(*) from AuthorLogs where authorLastName = \"UkrainkahRSoV\"','1',NULL,327),(91,'select count(*) from Author where lastName = \"UkrainkakMqd6\"','1',NULL,328),(92,'select count(*) from AuthorLogs where authorLastName = \"UkrainkakMqd6\"','1',NULL,328),(93,'select count(*) from Author where lastName = \"Ukrainkanl6nU\"','1',NULL,329),(94,'select count(*) from AuthorLogs where authorLastName = \"Ukrainkanl6nU\"','1',NULL,329),(95,'select count(*) from Author where lastName = \"UkrainkaIfs14\"','1',NULL,330),(96,'select count(*) from AuthorLogs where authorLastName = \"UkrainkaIfs14\"','1',NULL,330),(97,'select count(*) from Author where lastName = \"UkrainkavF5C7\"','1',NULL,333),(98,'select count(*) from AuthorLogs where authorLastName = \"UkrainkavF5C7\"','1',NULL,333),(99,'select count(*) from Author where lastName = \"UkrainkaQEgTD\"','1',NULL,334),(100,'select count(*) from AuthorLogs where authorLastName = \"UkrainkaQEgTD\"','1',NULL,334),(101,'SELECT age FROM Author where id = 294','72',NULL,336),(102,'SELECT age FROM Author where id = 294','72','72',339),(103,'select count(*) from Author where lastName = \"UkrainkawIrYR\"','1',NULL,341),(104,'select count(*) from AuthorLogs where authorLastName = \"UkrainkawIrYR\"','1',NULL,341),(105,'SELECT age FROM Author where id = 294','72','72',343),(106,'select count(*) from Author where lastName = \"Bradbury74560\"','1','0',349),(107,'select count(*) from Author where lastName = \"Ukrainka4Ddvp\"','1','0',350),(108,'select count(*) from AuthorLogs where authorLastName = \"Ukrainka4Ddvp\"','1','0',350),(109,'select count(*) from Author where lastName = \"Bradbury46158\"','1',NULL,351),(110,'select count(*) from Author where lastName = \"UkrainkaNfJVD\"','1',NULL,352),(111,'select count(*) from AuthorLogs where authorLastName = \"UkrainkaNfJVD\"','1',NULL,352),(112,'select count(*) from Author where lastName = \"Bradbury56909\"','1',NULL,353),(113,'select count(*) from Author where lastName = \"Bradbury68323\"','1',NULL,354),(114,'select count(*) from Author where lastName = \"Ukrainka9xGg8\"','1',NULL,355),(115,'select count(*) from AuthorLogs where authorLastName = \"Ukrainka9xGg8\"','1',NULL,355),(116,'select count(*) from Author where lastName = \"UkrainkaOT3Vx\"','1',NULL,356),(117,'select count(*) from AuthorLogs where authorLastName = \"UkrainkaOT3Vx\"','1',NULL,356),(118,'select count(*) from Author where lastName = \"Bradbury48836\"','1',NULL,357),(119,'select count(*) from Author where lastName = \"UkrainkaQqouQ\"','1',NULL,358),(120,'select count(*) from AuthorLogs where authorLastName = \"UkrainkaQqouQ\"','1',NULL,358),(121,'select count(*) from Author where lastName = \"Bradbury03946\"','1',NULL,359),(126,'select count(*) from Author where lastName = \"Bradbury06324\"','1',NULL,360),(127,'select count(*) from AuthorLogs where authorLastName = \"UkrainkabBcGw\"','1',NULL,361),(128,'select count(*) from AuthorLogs where authorLastName = \"UkrainkabH4gM\"','1',NULL,362),(129,'select count(*) from AuthorLogs where authorLastName = \"UkrainkayMIwU\"','0',NULL,363),(133,'select count(*) from Author where lastName = \"Bradbury00607\"','1',NULL,367),(134,'select count(*) from Author where lastName = \"UkrainkabjXMc\"','1',NULL,368),(135,'select count(*) from AuthorLogs where authorLastName = \"UkrainkabjXMc\"','1',NULL,368),(140,'SELECT age FROM Author where id = 294','72','72',374),(143,'SELECT age FROM Author where id = 294','72',NULL,380),(155,'select count(*) from Author where lastName = \"Bradbury72148\"','1',NULL,389),(159,'select id from Book where Name = \"Three Comrades\"','75',NULL,393),(163,'SELECT age FROM Author where id = 294','72',NULL,397),(164,'SELECT age FROM Author where id = 294','72',NULL,399),(166,'select count(*) from Author where lastName = \"Bradbury10836\"','1',NULL,403),(168,'select count(*) from Author where lastName = \"UkrainkaPORVY\"','1',NULL,405),(169,'select count(*) from AuthorLogs where authorLastName = \"UkrainkaPORVY\"','1',NULL,405),(170,'select count(*) from Author where lastName = \"UkrainkaWdgDm\"','1',NULL,406),(171,'select count(*) from AuthorLogs where authorLastName = \"UkrainkaWdgDm\"','1',NULL,406),(172,'select count(*) from Author where lastName = \"UkrainkaUMCSo\"','1',NULL,407),(173,'select count(*) from AuthorLogs where authorLastName = \"UkrainkaUMCSo\"','1',NULL,407),(174,'select id from Book where Name = \"Three Comrades\"','75',NULL,408),(175,'select count(*) from Author where lastName = \"UkrainkaeCR7F\"','1',NULL,409),(176,'select count(*) from AuthorLogs where authorLastName = \"UkrainkaeCR7F\"','1',NULL,409),(177,'select id from Book where Name = \"Three Comrades\"','75',NULL,410),(178,'select id from Book where Name = \"Three Comrades\"','75',NULL,411),(179,'select id from Book where Name = \"Three Comrades\"','75',NULL,412),(180,'select id from Book where Name = \"Three Comrades\"','75','74',413),(181,'select id from Book where Name = \"Three Comrades\"','75','74',414);
/*!40000 ALTER TABLE `DbValidationHistory` ENABLE KEYS */;
UNLOCK TABLES;

--
-- Table structure for table `Environment`
--

DROP TABLE IF EXISTS `Environment`;
/*!40101 SET @saved_cs_client     = @@character_set_client */;
/*!40101 SET character_set_client = utf8 */;
CREATE TABLE `Environment` (
  `id` int(11) unsigned NOT NULL AUTO_INCREMENT,
  `name` varchar(75) COLLATE utf8_bin NOT NULL,
  `baseUrl` varchar(75) COLLATE utf8_bin NOT NULL,
  `dbType` varchar(10) COLLATE utf8_bin NOT NULL,
  `dbUrl` varchar(100) COLLATE utf8_bin NOT NULL,
  `dbPort` int(5) NOT NULL,
  `dbName` varchar(75) COLLATE utf8_bin NOT NULL,
  `dbUsername` varchar(75) COLLATE utf8_bin NOT NULL,
  `dbPassword` varchar(50) COLLATE utf8_bin NOT NULL,
  `timeMultiplier` double NOT NULL,
  `deleted` bit(1) NOT NULL DEFAULT b'0',
  PRIMARY KEY (`id`),
  UNIQUE KEY `name` (`name`)
) ENGINE=InnoDB AUTO_INCREMENT=17 DEFAULT CHARSET=utf8 COLLATE=utf8_bin;
/*!40101 SET character_set_client = @saved_cs_client */;

--
-- Dumping data for table `Environment`
--

LOCK TABLES `Environment` WRITE;
/*!40000 ALTER TABLE `Environment` DISABLE KEYS */;
INSERT INTO `Environment` VALUES (1,'123','http://localhost.h','ORACLE','localhost',5555,'name','sdfsdfsdf','sdfsdfsdf',2.5,''),(2,'name1','u1','MSSQL','uu',3306,'hhksdfjh','kjhkjh','kjhkjh',1,''),(3,'name2','u1','MYSQL','uu',0,'hhkjh','kjhkjh','kjhkjh',1,''),(4,'name3','u1','MYSQL','uu',0,'hhsdfkjh','kjhsdfkjh','kjhkjh',1,''),(5,'First','http://localhost.h','MYSQL','http://localhost',3036,'First','first','first',2.3,''),(6,'First111','http://ocalhost','MYSQL','http://ocalhost',3036,'First','first','first',2.2,''),(8,'Test localhost #2','http://localhost','MYSQL','localhost',3306,'sakila','root','MySQL',2.3,'\0'),(9,'application','http:\\\\application.url','ORACLE','127.0.0.1',2029,'SSID','user','password',2.3,''),(11,'Test localhost #1','http://localhost','MYSQL','localhost',3306,'animal','root','root',2,'\0'),(12,'Test Oracle (FAILED)','http://application_on_oracle','ORACLE','10.109.0.2',1521,'orcl','reg','reg',2,'\0'),(13,'local1','MYSQL','MYSQL','localhost',3306,'mydb','root','root',2,''),(14,'Test on NETWORK','https://192.168.102.45','MYSQL','192.168.102.45',3306,'mysql','root','root',1,'\0'),(15,'NewApplication(DON\'T DELETE)','http://localhost:9080/test-service','MYSQL','52.29.239.198',3306,'sql7111237','sql7111237','sEJPtYD2qF',2,'\0'),(16,'RomansEnvironment','http://localhost:9080/test-service','MYSQL','127.0.0.1',3306,'restdb','root','123456',2,'\0');
/*!40000 ALTER TABLE `Environment` ENABLE KEYS */;
UNLOCK TABLES;

--
-- Table structure for table `EnvironmentHistory`
--

DROP TABLE IF EXISTS `EnvironmentHistory`;
/*!40101 SET @saved_cs_client     = @@character_set_client */;
/*!40101 SET character_set_client = utf8 */;
CREATE TABLE `EnvironmentHistory` (
  `id` int(11) unsigned NOT NULL AUTO_INCREMENT,
  `resultHistoryId` int(11) unsigned NOT NULL,
  `name` varchar(75) COLLATE utf8_bin NOT NULL,
  `baseUrl` varchar(75) COLLATE utf8_bin NOT NULL,
  `dbUrl` varchar(100) COLLATE utf8_bin NOT NULL,
  `dbPort` varchar(5) COLLATE utf8_bin NOT NULL,
  `dbName` varchar(75) COLLATE utf8_bin NOT NULL,
  `environmentId` int(11) unsigned NOT NULL,
  PRIMARY KEY (`id`),
  UNIQUE KEY `name` (`resultHistoryId`),
  KEY `FK_EnvironmentHistory_Environment_id` (`environmentId`),
  CONSTRAINT `FK_EnvironmentHistory_Environment_id` FOREIGN KEY (`environmentId`) REFERENCES `Environment` (`id`),
  CONSTRAINT `FK_EnvironmentHistory_ResultHistory_id` FOREIGN KEY (`resultHistoryId`) REFERENCES `ResultHistory` (`id`) ON DELETE CASCADE ON UPDATE CASCADE
) ENGINE=InnoDB AUTO_INCREMENT=263 DEFAULT CHARSET=utf8 COLLATE=utf8_bin;
/*!40101 SET character_set_client = @saved_cs_client */;

--
-- Dumping data for table `EnvironmentHistory`
--

LOCK TABLES `EnvironmentHistory` WRITE;
/*!40000 ALTER TABLE `EnvironmentHistory` DISABLE KEYS */;
INSERT INTO `EnvironmentHistory` VALUES (1,97,'NewApplication(DON\'T DELETE)','http://localhost:9080/test-service','52.29.239.198','3306','sql7111237',15),(2,98,'NewApplication(DON\'T DELETE)','http://localhost:9080/test-service','52.29.239.198','3306','sql7111237',15),(3,99,'NewApplication(DON\'T DELETE)','http://localhost:9080/test-service','52.29.239.198','3306','sql7111237',15),(4,108,'NewApplication(DON\'T DELETE)','http://localhost:9080/test-service','52.29.239.198','3306','sql7111237',15),(5,119,'NewApplication(DON\'T DELETE)','http://localhost:9080/test-service','52.29.239.198','3306','sql7111237',15),(6,120,'NewApplication(DON\'T DELETE)','http://localhost:9080/test-service','52.29.239.198','3306','sql7111237',15),(34,148,'NewApplication(DON\'T DELETE)','http://localhost:9080/test-service','52.29.239.198','3306','sql7111237',15),(37,151,'NewApplication(DON\'T DELETE)','http://localhost:9080/test-service','52.29.239.198','3306','sql7111237',15),(38,152,'NewApplication(DON\'T DELETE)','http://localhost:9080/test-service','52.29.239.198','3306','sql7111237',15),(42,158,'NewApplication(DON\'T DELETE)','http://localhost:9080/test-service','52.29.239.198','3306','sql7111237',15),(63,182,'NewApplication(DON\'T DELETE)','http://localhost:9080/test-service','52.29.239.198','3306','sql7111237',15),(64,183,'NewApplication(DON\'T DELETE)','http://localhost:9080/test-service','52.29.239.198','3306','sql7111237',15),(65,184,'NewApplication(DON\'T DELETE)','http://localhost:9080/test-service','52.29.239.198','3306','sql7111237',15),(66,185,'NewApplication(DON\'T DELETE)','http://localhost:9080/test-service','52.29.239.198','3306','sql7111237',15),(67,186,'NewApplication(DON\'T DELETE)','http://localhost:9080/test-service','52.29.239.198','3306','sql7111237',15),(68,187,'NewApplication(DON\'T DELETE)','http://localhost:9080/test-service','52.29.239.198','3306','sql7111237',15),(69,202,'NewApplication(DON\'T DELETE)','http://localhost:9080/test-service','52.29.239.198','3306','sql7111237',15),(70,203,'NewApplication(DON\'T DELETE)','http://localhost:9080/test-service','52.29.239.198','3306','sql7111237',15),(71,204,'NewApplication(DON\'T DELETE)','http://localhost:9080/test-service','52.29.239.198','3306','sql7111237',15),(72,205,'NewApplication(DON\'T DELETE)','http://localhost:9080/test-service','52.29.239.198','3306','sql7111237',15),(73,206,'NewApplication(DON\'T DELETE)','http://localhost:9080/test-service','52.29.239.198','3306','sql7111237',15),(74,207,'NewApplication(DON\'T DELETE)','http://localhost:9080/test-service','52.29.239.198','3306','sql7111237',15),(75,208,'NewApplication(DON\'T DELETE)','http://localhost:9080/test-service','52.29.239.198','3306','sql7111237',15),(76,209,'NewApplication(DON\'T DELETE)','http://localhost:9080/test-service','52.29.239.198','3306','sql7111237',15),(77,210,'NewApplication(DON\'T DELETE)','http://localhost:9080/test-service','52.29.239.198','3306','sql7111237',15),(78,211,'NewApplication(DON\'T DELETE)','http://localhost:9080/test-service','52.29.239.198','3306','sql7111237',15),(79,212,'NewApplication(DON\'T DELETE)','http://localhost:9080/test-service','52.29.239.198','3306','sql7111237',15),(80,213,'NewApplication(DON\'T DELETE)','http://localhost:9080/test-service','52.29.239.198','3306','sql7111237',15),(81,214,'NewApplication(DON\'T DELETE)','http://localhost:9080/test-service','52.29.239.198','3306','sql7111237',15),(82,215,'NewApplication(DON\'T DELETE)','http://localhost:9080/test-service','52.29.239.198','3306','sql7111237',15),(83,216,'NewApplication(DON\'T DELETE)','http://localhost:9080/test-service','52.29.239.198','3306','sql7111237',15),(84,217,'NewApplication(DON\'T DELETE)','http://localhost:9080/test-service','52.29.239.198','3306','sql7111237',15),(85,218,'NewApplication(DON\'T DELETE)','http://localhost:9080/test-service','52.29.239.198','3306','sql7111237',15),(86,219,'NewApplication(DON\'T DELETE)','http://localhost:9080/test-service','52.29.239.198','3306','sql7111237',15),(87,220,'NewApplication(DON\'T DELETE)','http://localhost:9080/test-service','52.29.239.198','3306','sql7111237',15),(88,221,'NewApplication(DON\'T DELETE)','http://localhost:9080/test-service','52.29.239.198','3306','sql7111237',15),(89,222,'NewApplication(DON\'T DELETE)','http://localhost:9080/test-service','52.29.239.198','3306','sql7111237',15),(90,223,'NewApplication(DON\'T DELETE)','http://localhost:9080/test-service','52.29.239.198','3306','sql7111237',15),(91,238,'NewApplication(DON\'T DELETE)','http://localhost:9080/test-service','52.29.239.198','3306','sql7111237',15),(92,239,'NewApplication(DON\'T DELETE)','http://localhost:9080/test-service','52.29.239.198','3306','sql7111237',15),(93,240,'NewApplication(DON\'T DELETE)','http://localhost:9080/test-service','52.29.239.198','3306','sql7111237',15),(94,241,'NewApplication(DON\'T DELETE)','http://localhost:9080/test-service','52.29.239.198','3306','sql7111237',15),(95,242,'NewApplication(DON\'T DELETE)','http://localhost:9080/test-service','52.29.239.198','3306','sql7111237',15),(96,243,'NewApplication(DON\'T DELETE)','http://localhost:9080/test-service','52.29.239.198','3306','sql7111237',15),(97,244,'NewApplication(DON\'T DELETE)','http://localhost:9080/test-service','52.29.239.198','3306','sql7111237',15),(98,245,'NewApplication(DON\'T DELETE)','http://localhost:9080/test-service','52.29.239.198','3306','sql7111237',15),(99,246,'NewApplication(DON\'T DELETE)','http://localhost:9080/test-service','52.29.239.198','3306','sql7111237',15),(100,247,'NewApplication(DON\'T DELETE)','http://localhost:9080/test-service','52.29.239.198','3306','sql7111237',15),(101,248,'NewApplication(DON\'T DELETE)','http://localhost:9080/test-service','52.29.239.198','3306','sql7111237',15),(102,249,'NewApplication(DON\'T DELETE)','http://localhost:9080/test-service','52.29.239.198','3306','sql7111237',15),(103,250,'NewApplication(DON\'T DELETE)','http://localhost:9080/test-service','52.29.239.198','3306','sql7111237',15),(104,251,'NewApplication(DON\'T DELETE)','http://localhost:9080/test-service','52.29.239.198','3306','sql7111237',15),(105,252,'NewApplication(DON\'T DELETE)','http://localhost:9080/test-service','52.29.239.198','3306','sql7111237',15),(106,253,'NewApplication(DON\'T DELETE)','http://localhost:9080/test-service','52.29.239.198','3306','sql7111237',15),(107,254,'NewApplication(DON\'T DELETE)','http://localhost:9080/test-service','52.29.239.198','3306','sql7111237',15),(108,255,'NewApplication(DON\'T DELETE)','http://localhost:9080/test-service','52.29.239.198','3306','sql7111237',15),(109,256,'NewApplication(DON\'T DELETE)','http://localhost:9080/test-service','52.29.239.198','3306','sql7111237',15),(110,257,'NewApplication(DON\'T DELETE)','http://localhost:9080/test-service','52.29.239.198','3306','sql7111237',15),(111,258,'NewApplication(DON\'T DELETE)','http://localhost:9080/test-service','52.29.239.198','3306','sql7111237',15),(112,259,'NewApplication(DON\'T DELETE)','http://localhost:9080/test-service','52.29.239.198','3306','sql7111237',15),(113,260,'NewApplication(DON\'T DELETE)','http://localhost:9080/test-service','52.29.239.198','3306','sql7111237',15),(114,261,'NewApplication(DON\'T DELETE)','http://localhost:9080/test-service','52.29.239.198','3306','sql7111237',15),(115,262,'NewApplication(DON\'T DELETE)','http://localhost:9080/test-service','52.29.239.198','3306','sql7111237',15),(116,263,'NewApplication(DON\'T DELETE)','http://localhost:9080/test-service','52.29.239.198','3306','sql7111237',15),(117,264,'NewApplication(DON\'T DELETE)','http://localhost:9080/test-service','52.29.239.198','3306','sql7111237',15),(118,265,'NewApplication(DON\'T DELETE)','http://localhost:9080/test-service','52.29.239.198','3306','sql7111237',15),(119,266,'NewApplication(DON\'T DELETE)','http://localhost:9080/test-service','52.29.239.198','3306','sql7111237',15),(120,268,'NewApplication(DON\'T DELETE)','http://localhost:9080/test-service','52.29.239.198','3306','sql7111237',15),(121,269,'NewApplication(DON\'T DELETE)','http://localhost:9080/test-service','52.29.239.198','3306','sql7111237',15),(122,270,'NewApplication(DON\'T DELETE)','http://localhost:9080/test-service','52.29.239.198','3306','sql7111237',15),(123,271,'NewApplication(DON\'T DELETE)','http://localhost:9080/test-service','52.29.239.198','3306','sql7111237',15),(124,272,'NewApplication(DON\'T DELETE)','http://localhost:9080/test-service','52.29.239.198','3306','sql7111237',15),(125,273,'NewApplication(DON\'T DELETE)','http://localhost:9080/test-service','52.29.239.198','3306','sql7111237',15),(126,274,'NewApplication(DON\'T DELETE)','http://localhost:9080/test-service','52.29.239.198','3306','sql7111237',15),(127,275,'NewApplication(DON\'T DELETE)','http://localhost:9080/test-service','52.29.239.198','3306','sql7111237',15),(128,276,'NewApplication(DON\'T DELETE)','http://localhost:9080/test-service','52.29.239.198','3306','sql7111237',15),(129,277,'NewApplication(DON\'T DELETE)','http://localhost:9080/test-service','52.29.239.198','3306','sql7111237',15),(130,278,'NewApplication(DON\'T DELETE)','http://localhost:9080/test-service','52.29.239.198','3306','sql7111237',15),(131,279,'NewApplication(DON\'T DELETE)','http://localhost:9080/test-service','52.29.239.198','3306','sql7111237',15),(132,280,'NewApplication(DON\'T DELETE)','http://localhost:9080/test-service','52.29.239.198','3306','sql7111237',15),(133,285,'NewApplication(DON\'T DELETE)','http://localhost:9080/test-service','52.29.239.198','3306','sql7111237',15),(134,286,'NewApplication(DON\'T DELETE)','http://localhost:9080/test-service','52.29.239.198','3306','sql7111237',15),(135,287,'NewApplication(DON\'T DELETE)','http://localhost:9080/test-service','52.29.239.198','3306','sql7111237',15),(136,288,'NewApplication(DON\'T DELETE)','http://localhost:9080/test-service','52.29.239.198','3306','sql7111237',15),(137,289,'NewApplication(DON\'T DELETE)','http://localhost:9080/test-service','52.29.239.198','3306','sql7111237',15),(138,291,'NewApplication(DON\'T DELETE)','http://localhost:9080/test-service','52.29.239.198','3306','sql7111237',15),(139,290,'NewApplication(DON\'T DELETE)','http://localhost:9080/test-service','52.29.239.198','3306','sql7111237',15),(140,292,'RomansEnvironment','http://localhost:9080/test-service','127.0.0.1','3306','restdb',16),(141,294,'RomansEnvironment','http://localhost:9080/test-service','127.0.0.1','3306','restdb',16),(142,295,'RomansEnvironment','http://localhost:9080/test-service','127.0.0.1','3306','restdb',16),(143,296,'RomansEnvironment','http://localhost:9080/test-service','127.0.0.1','3306','restdb',16),(144,293,'NewApplication(DON\'T DELETE)','http://localhost:9080/test-service','52.29.239.198','3306','sql7111237',15),(145,297,'NewApplication(DON\'T DELETE)','http://localhost:9080/test-service','52.29.239.198','3306','sql7111237',15),(146,298,'NewApplication(DON\'T DELETE)','http://localhost:9080/test-service','52.29.239.198','3306','sql7111237',15),(147,299,'NewApplication(DON\'T DELETE)','http://localhost:9080/test-service','52.29.239.198','3306','sql7111237',15),(148,300,'NewApplication(DON\'T DELETE)','http://localhost:9080/test-service','52.29.239.198','3306','sql7111237',15),(149,301,'NewApplication(DON\'T DELETE)','http://localhost:9080/test-service','52.29.239.198','3306','sql7111237',15),(150,302,'NewApplication(DON\'T DELETE)','http://localhost:9080/test-service','52.29.239.198','3306','sql7111237',15),(151,303,'NewApplication(DON\'T DELETE)','http://localhost:9080/test-service','52.29.239.198','3306','sql7111237',15),(152,304,'NewApplication(DON\'T DELETE)','http://localhost:9080/test-service','52.29.239.198','3306','sql7111237',15),(153,305,'NewApplication(DON\'T DELETE)','http://localhost:9080/test-service','52.29.239.198','3306','sql7111237',15),(154,306,'NewApplication(DON\'T DELETE)','http://localhost:9080/test-service','52.29.239.198','3306','sql7111237',15),(155,307,'NewApplication(DON\'T DELETE)','http://localhost:9080/test-service','52.29.239.198','3306','sql7111237',15),(156,308,'RomansEnvironment','http://localhost:9080/test-service','127.0.0.1','3306','restdb',16),(157,309,'NewApplication(DON\'T DELETE)','http://localhost:9080/test-service','52.29.239.198','3306','sql7111237',15),(158,310,'NewApplication(DON\'T DELETE)','http://localhost:9080/test-service','52.29.239.198','3306','sql7111237',15),(159,311,'NewApplication(DON\'T DELETE)','http://localhost:9080/test-service','52.29.239.198','3306','sql7111237',15),(160,312,'NewApplication(DON\'T DELETE)','http://localhost:9080/test-service','52.29.239.198','3306','sql7111237',15),(161,313,'NewApplication(DON\'T DELETE)','http://localhost:9080/test-service','52.29.239.198','3306','sql7111237',15),(162,314,'NewApplication(DON\'T DELETE)','http://localhost:9080/test-service','52.29.239.198','3306','sql7111237',15),(163,315,'NewApplication(DON\'T DELETE)','http://localhost:9080/test-service','52.29.239.198','3306','sql7111237',15),(164,316,'RomansEnvironment','http://localhost:9080/test-service','127.0.0.1','3306','restdb',16),(165,317,'RomansEnvironment','http://localhost:9080/test-service','127.0.0.1','3306','restdb',16),(166,318,'NewApplication(DON\'T DELETE)','http://localhost:9080/test-service','52.29.239.198','3306','sql7111237',15),(167,319,'NewApplication(DON\'T DELETE)','http://localhost:9080/test-service','52.29.239.198','3306','sql7111237',15),(168,320,'NewApplication(DON\'T DELETE)','http://localhost:9080/test-service','52.29.239.198','3306','sql7111237',15),(169,321,'NewApplication(DON\'T DELETE)','http://localhost:9080/test-service','52.29.239.198','3306','sql7111237',15),(170,322,'NewApplication(DON\'T DELETE)','http://localhost:9080/test-service','52.29.239.198','3306','sql7111237',15),(171,323,'NewApplication(DON\'T DELETE)','http://localhost:9080/test-service','52.29.239.198','3306','sql7111237',15),(172,324,'NewApplication(DON\'T DELETE)','http://localhost:9080/test-service','52.29.239.198','3306','sql7111237',15),(173,325,'NewApplication(DON\'T DELETE)','http://localhost:9080/test-service','52.29.239.198','3306','sql7111237',15),(174,326,'NewApplication(DON\'T DELETE)','http://localhost:9080/test-service','52.29.239.198','3306','sql7111237',15),(175,327,'NewApplication(DON\'T DELETE)','http://localhost:9080/test-service','52.29.239.198','3306','sql7111237',15),(176,328,'NewApplication(DON\'T DELETE)','http://localhost:9080/test-service','52.29.239.198','3306','sql7111237',15),(177,329,'NewApplication(DON\'T DELETE)','http://localhost:9080/test-service','52.29.239.198','3306','sql7111237',15),(178,330,'NewApplication(DON\'T DELETE)','http://localhost:9080/test-service','52.29.239.198','3306','sql7111237',15),(179,331,'NewApplication(DON\'T DELETE)','http://localhost:9080/test-service','52.29.239.198','3306','sql7111237',15),(180,332,'NewApplication(DON\'T DELETE)','http://localhost:9080/test-service','52.29.239.198','3306','sql7111237',15),(181,333,'NewApplication(DON\'T DELETE)','http://localhost:9080/test-service','52.29.239.198','3306','sql7111237',15),(182,334,'NewApplication(DON\'T DELETE)','http://localhost:9080/test-service','52.29.239.198','3306','sql7111237',15),(183,335,'NewApplication(DON\'T DELETE)','http://localhost:9080/test-service','52.29.239.198','3306','sql7111237',15),(184,336,'NewApplication(DON\'T DELETE)','http://localhost:9080/test-service','52.29.239.198','3306','sql7111237',15),(185,337,'NewApplication(DON\'T DELETE)','http://localhost:9080/test-service','52.29.239.198','3306','sql7111237',15),(186,338,'NewApplication(DON\'T DELETE)','http://localhost:9080/test-service','52.29.239.198','3306','sql7111237',15),(187,339,'NewApplication(DON\'T DELETE)','http://localhost:9080/test-service','52.29.239.198','3306','sql7111237',15),(188,340,'NewApplication(DON\'T DELETE)','http://localhost:9080/test-service','52.29.239.198','3306','sql7111237',15),(189,341,'NewApplication(DON\'T DELETE)','http://localhost:9080/test-service','52.29.239.198','3306','sql7111237',15),(190,342,'NewApplication(DON\'T DELETE)','http://localhost:9080/test-service','52.29.239.198','3306','sql7111237',15),(191,343,'NewApplication(DON\'T DELETE)','http://localhost:9080/test-service','52.29.239.198','3306','sql7111237',15),(192,344,'NewApplication(DON\'T DELETE)','http://localhost:9080/test-service','52.29.239.198','3306','sql7111237',15),(193,345,'NewApplication(DON\'T DELETE)','http://localhost:9080/test-service','52.29.239.198','3306','sql7111237',15),(194,346,'NewApplication(DON\'T DELETE)','http://localhost:9080/test-service','52.29.239.198','3306','sql7111237',15),(195,347,'NewApplication(DON\'T DELETE)','http://localhost:9080/test-service','52.29.239.198','3306','sql7111237',15),(196,348,'NewApplication(DON\'T DELETE)','http://localhost:9080/test-service','52.29.239.198','3306','sql7111237',15),(197,349,'NewApplication(DON\'T DELETE)','http://localhost:9080/test-service','52.29.239.198','3306','sql7111237',15),(198,350,'NewApplication(DON\'T DELETE)','http://localhost:9080/test-service','52.29.239.198','3306','sql7111237',15),(199,351,'NewApplication(DON\'T DELETE)','http://localhost:9080/test-service','52.29.239.198','3306','sql7111237',15),(200,352,'NewApplication(DON\'T DELETE)','http://localhost:9080/test-service','52.29.239.198','3306','sql7111237',15),(201,353,'NewApplication(DON\'T DELETE)','http://localhost:9080/test-service','52.29.239.198','3306','sql7111237',15),(202,354,'NewApplication(DON\'T DELETE)','http://localhost:9080/test-service','52.29.239.198','3306','sql7111237',15),(203,355,'NewApplication(DON\'T DELETE)','http://localhost:9080/test-service','52.29.239.198','3306','sql7111237',15),(204,356,'NewApplication(DON\'T DELETE)','http://localhost:9080/test-service','52.29.239.198','3306','sql7111237',15),(205,357,'NewApplication(DON\'T DELETE)','http://localhost:9080/test-service','52.29.239.198','3306','sql7111237',15),(206,358,'NewApplication(DON\'T DELETE)','http://localhost:9080/test-service','52.29.239.198','3306','sql7111237',15),(207,359,'NewApplication(DON\'T DELETE)','http://localhost:9080/test-service','52.29.239.198','3306','sql7111237',15),(208,360,'NewApplication(DON\'T DELETE)','http://localhost:9080/test-service','52.29.239.198','3306','sql7111237',15),(209,361,'NewApplication(DON\'T DELETE)','http://localhost:9080/test-service','52.29.239.198','3306','sql7111237',15),(210,362,'NewApplication(DON\'T DELETE)','http://localhost:9080/test-service','52.29.239.198','3306','sql7111237',15),(211,363,'NewApplication(DON\'T DELETE)','http://localhost:9080/test-service','52.29.239.198','3306','sql7111237',15),(215,367,'NewApplication(DON\'T DELETE)','http://localhost:9080/test-service','52.29.239.198','3306','sql7111237',15),(216,368,'NewApplication(DON\'T DELETE)','http://localhost:9080/test-service','52.29.239.198','3306','sql7111237',15),(221,373,'NewApplication(DON\'T DELETE)','http://localhost:9080/test-service','52.29.239.198','3306','sql7111237',15),(222,374,'NewApplication(DON\'T DELETE)','http://localhost:9080/test-service','52.29.239.198','3306','sql7111237',15),(226,378,'NewApplication(DON\'T DELETE)','http://localhost:9080/test-service','52.29.239.198','3306','sql7111237',15),(228,380,'NewApplication(DON\'T DELETE)','http://localhost:9080/test-service','52.29.239.198','3306','sql7111237',15),(237,389,'NewApplication(DON\'T DELETE)','http://localhost:9080/test-service','52.29.239.198','3306','sql7111237',15),(241,393,'NewApplication(DON\'T DELETE)','http://localhost:9080/test-service','52.29.239.198','3306','sql7111237',15),(245,397,'NewApplication(DON\'T DELETE)','http://localhost:9080/test-service','52.29.239.198','3306','sql7111237',15),(246,398,'NewApplication(DON\'T DELETE)','http://localhost:9080/test-service','52.29.239.198','3306','sql7111237',15),(247,399,'NewApplication(DON\'T DELETE)','http://localhost:9080/test-service','52.29.239.198','3306','sql7111237',15),(248,400,'NewApplication(DON\'T DELETE)','http://localhost:9080/test-service','52.29.239.198','3306','sql7111237',15),(251,403,'NewApplication(DON\'T DELETE)','http://localhost:9080/test-service','52.29.239.198','3306','sql7111237',15),(253,405,'NewApplication(DON\'T DELETE)','http://localhost:9080/test-service','52.29.239.198','3306','sql7111237',15),(254,406,'NewApplication(DON\'T DELETE)','http://localhost:9080/test-service','52.29.239.198','3306','sql7111237',15),(255,407,'NewApplication(DON\'T DELETE)','http://localhost:9080/test-service','52.29.239.198','3306','sql7111237',15),(256,408,'NewApplication(DON\'T DELETE)','http://localhost:9080/test-service','52.29.239.198','3306','sql7111237',15),(257,409,'NewApplication(DON\'T DELETE)','http://localhost:9080/test-service','52.29.239.198','3306','sql7111237',15),(258,410,'NewApplication(DON\'T DELETE)','http://localhost:9080/test-service','52.29.239.198','3306','sql7111237',15),(259,411,'NewApplication(DON\'T DELETE)','http://localhost:9080/test-service','52.29.239.198','3306','sql7111237',15),(260,412,'NewApplication(DON\'T DELETE)','http://localhost:9080/test-service','52.29.239.198','3306','sql7111237',15),(261,413,'NewApplication(DON\'T DELETE)','http://localhost:9080/test-service','52.29.239.198','3306','sql7111237',15),(262,414,'NewApplication(DON\'T DELETE)','http://localhost:9080/test-service','52.29.239.198','3306','sql7111237',15);
/*!40000 ALTER TABLE `EnvironmentHistory` ENABLE KEYS */;
UNLOCK TABLES;

--
-- Table structure for table `Header`
--

DROP TABLE IF EXISTS `Header`;
/*!40101 SET @saved_cs_client     = @@character_set_client */;
/*!40101 SET character_set_client = utf8 */;
CREATE TABLE `Header` (
  `id` int(11) unsigned NOT NULL AUTO_INCREMENT,
  `name` varchar(50) COLLATE utf8_bin NOT NULL,
  `value` varchar(255) COLLATE utf8_bin NOT NULL,
  `requestId` int(11) unsigned NOT NULL,
  PRIMARY KEY (`id`),
  KEY `FK_Header_Request_id` (`requestId`),
  CONSTRAINT `FK_Header_Request_id` FOREIGN KEY (`requestId`) REFERENCES `Request` (`id`) ON DELETE CASCADE ON UPDATE CASCADE
) ENGINE=InnoDB AUTO_INCREMENT=548 DEFAULT CHARSET=utf8 COLLATE=utf8_bin;
/*!40101 SET character_set_client = @saved_cs_client */;

--
-- Dumping data for table `Header`
--

LOCK TABLES `Header` WRITE;
/*!40000 ALTER TABLE `Header` DISABLE KEYS */;
INSERT INTO `Header` VALUES (196,'Authorization','Basic YWRtaW46YWRtaW4=',69),(324,'Authorization','Basic dXNlcjp1c2Vy',47),(325,'Accept','application/json',47),(334,'Accept','application/json',48),(337,'Accept','application/json',49),(338,'Authorization','Basic YWRtaW46YWRtaW4=',49),(339,'Authorization','Basic dXNlcjp1c2Vy',65),(340,'Accept','application/json',65),(341,'Authorization','Basic dXNlcjp1c2Vy',64),(342,'Accept','application/xml',64),(343,'Authorization','Basic dXNlcjp1c2Vy',70),(344,'Accept','application/json',70),(347,'Authorization','Basic dXNlcjp1c2Vy',72),(348,'Accept','application/xml',72),(385,'Accept','application/xml',147),(386,'dfg','reter',147),(387,'sdf','dsf',147),(388,'Accept','application/xml',148),(389,'dfg','reter',148),(390,'sdf','dsf',148),(395,'Authorization','Basic dXNlcjp1c2Vy',66),(396,'Accept','application/xml',66),(403,'Authorization','Basic dXNlcjp1c2Vy',67),(404,'Accept','application/json',67),(407,'Authorization','Basic dXNlcjp1c2Vy',71),(408,'Accept','application/xml',71),(414,'Authorization','Basic dXNlcjp1c2Vy',73),(415,'Accept','application/json',73),(470,'Content-Type','application/json',75),(471,'Accept','application/json',75),(516,'Content-Type','application/xml',156),(517,'Accept','application/xml',156),(518,'Authorization','Basic dXNlcjp1c2Vy',156),(540,'Content-Type','application/json',76),(541,'Accept','application/json',76),(542,'Authorization','Basic dXNlcjp1c2Vy',76),(543,'Content-Type','application/json',170),(544,'Accept','application/json',170),(545,'Authorization','Basic dXNlcjp1c2Vy',170),(546,'Authorization','Basic dXNlcjp1c2Vy',163),(547,'Accept','application/json',163);
/*!40000 ALTER TABLE `Header` ENABLE KEYS */;
UNLOCK TABLES;

--
-- Table structure for table `HeaderHistory`
--

DROP TABLE IF EXISTS `HeaderHistory`;
/*!40101 SET @saved_cs_client     = @@character_set_client */;
/*!40101 SET character_set_client = utf8 */;
CREATE TABLE `HeaderHistory` (
  `id` int(11) unsigned NOT NULL AUTO_INCREMENT,
  `name` varchar(50) COLLATE utf8_bin NOT NULL,
  `value` varchar(255) COLLATE utf8_bin NOT NULL,
  `resultHistoryId` int(11) unsigned NOT NULL,
  PRIMARY KEY (`id`),
  KEY `FK_HeaderHisory_ResultHistory_id` (`resultHistoryId`),
  CONSTRAINT `FK_HeaderHisory_ResultHistory_id` FOREIGN KEY (`resultHistoryId`) REFERENCES `ResultHistory` (`id`) ON DELETE CASCADE ON UPDATE CASCADE
) ENGINE=InnoDB AUTO_INCREMENT=590 DEFAULT CHARSET=utf8 COLLATE=utf8_bin;
/*!40101 SET character_set_client = @saved_cs_client */;

--
-- Dumping data for table `HeaderHistory`
--

LOCK TABLES `HeaderHistory` WRITE;
/*!40000 ALTER TABLE `HeaderHistory` DISABLE KEYS */;
INSERT INTO `HeaderHistory` VALUES (9,'Authorization','Basic dXNlcjp1c2Vy',97),(10,'Accept','application/xml',97),(11,'Authorization','Basic dXNlcjp1c2Vy',98),(12,'Accept','application/xml',98),(13,'Authorization','Basic dXNlcjp1c2Vy',99),(14,'Accept','application/json',99),(18,'Authorization','Basic dXNlcjp1c2Vy',108),(19,'Accept','application/xml',108),(20,'Authorization','Basic dXNlcjp1c2Vy',119),(21,'Accept','application/json',119),(22,'Authorization','Basic dXNlcjp1c2Vy',120),(23,'Accept','application/json',120),(78,'Content-Type','application/json',148),(79,'Accept','application/json',148),(84,'Authorization','Basic dXNlcjp1c2Vy',151),(85,'Accept','application/json',151),(86,'Authorization','Basic dXNlcjp1c2Vy',152),(87,'Accept','application/json',152),(94,'Authorization','Basic dXNlcjp1c2Vy',158),(95,'Accept','application/json',158),(136,'Authorization','Basic dXNlcjp1c2Vy',182),(137,'Accept','application/xml',182),(138,'Authorization','Basic dXNlcjp1c2Vy',183),(139,'Accept','application/json',183),(140,'Authorization','Basic dXNlcjp1c2Vy',184),(141,'Accept','application/json',184),(142,'Authorization','Basic dXNlcjp1c2Vy',185),(143,'Accept','application/xml',185),(144,'Authorization','Basic dXNlcjp1c2Vy',186),(145,'Accept','application/json',186),(146,'Authorization','Basic dXNlcjp1c2Vy',187),(147,'Accept','application/json',187),(148,'Authorization','Basic dXNlcjp1c2Vy',202),(149,'Accept','application/xml',202),(150,'Authorization','Basic dXNlcjp1c2Vy',203),(151,'Accept','application/json',203),(152,'Accept','application/json',204),(153,'Accept','application/json',205),(154,'Authorization','Basic YWRtaW46YWRtaW4=',205),(155,'Authorization','Basic dXNlcjp1c2Vy',206),(156,'Accept','application/json',206),(157,'Content-Type','application/json',207),(158,'Accept','application/json',207),(159,'Accept','application/json',208),(160,'Accept','application/json',209),(161,'Authorization','Basic YWRtaW46YWRtaW4=',209),(162,'Authorization','Basic dXNlcjp1c2Vy',210),(163,'Accept','application/json',210),(164,'Content-Type','application/json',211),(165,'Accept','application/json',211),(166,'Authorization','Basic dXNlcjp1c2Vy',212),(167,'Accept','application/json',212),(168,'Authorization','Basic dXNlcjp1c2Vy',213),(169,'Accept','application/json',213),(170,'Authorization','Basic dXNlcjp1c2Vy',214),(171,'Accept','application/json',214),(172,'Authorization','Basic dXNlcjp1c2Vy',215),(173,'Accept','application/xml',215),(174,'Authorization','Basic dXNlcjp1c2Vy',216),(175,'Accept','application/xml',216),(176,'Authorization','Basic dXNlcjp1c2Vy',217),(177,'Accept','application/json',217),(178,'Authorization','Basic dXNlcjp1c2Vy',218),(179,'Accept','application/json',218),(180,'Authorization','Basic dXNlcjp1c2Vy',219),(181,'Accept','application/json',219),(182,'Authorization','Basic dXNlcjp1c2Vy',220),(183,'Accept','application/xml',220),(184,'Authorization','Basic dXNlcjp1c2Vy',221),(185,'Accept','application/json',221),(186,'Authorization','Basic dXNlcjp1c2Vy',222),(187,'Accept','application/xml',222),(188,'Authorization','Basic dXNlcjp1c2Vy',223),(189,'Accept','application/json',223),(190,'Content-Type','application/json',238),(191,'Accept','application/json',238),(192,'Authorization','Basic dXNlcjp1c2Vy',239),(193,'Accept','application/json',239),(194,'Authorization','Basic dXNlcjp1c2Vy',240),(195,'Accept','application/json',240),(196,'Authorization','Basic dXNlcjp1c2Vy',241),(197,'Accept','application/xml',241),(198,'Accept','application/json',242),(199,'Accept','application/json',243),(200,'Authorization','Basic YWRtaW46YWRtaW4=',243),(201,'Authorization','Basic dXNlcjp1c2Vy',244),(202,'Accept','application/xml',244),(203,'Authorization','Basic dXNlcjp1c2Vy',245),(204,'Accept','application/json',245),(205,'Authorization','Basic dXNlcjp1c2Vy',246),(206,'Accept','application/xml',246),(207,'Authorization','Basic dXNlcjp1c2Vy',247),(208,'Accept','application/json',247),(209,'Authorization','Basic dXNlcjp1c2Vy',248),(210,'Accept','application/xml',248),(211,'Authorization','Basic dXNlcjp1c2Vy',249),(212,'Accept','application/json',249),(213,'Content-Type','application/json',250),(214,'Accept','application/json',250),(215,'Content-Type','application/json',251),(216,'Accept','application/json',251),(217,'Authorization','Basic dXNlcjp1c2Vy',251),(218,'Content-Type','application/json',252),(219,'Accept','application/json',252),(220,'Content-Type','application/json',253),(221,'Accept','application/json',253),(222,'Authorization','Basic dXNlcjp1c2Vy',253),(223,'Content-Type','application/json',254),(224,'Accept','application/json',254),(225,'Content-Type','application/json',255),(226,'Accept','application/json',255),(227,'Authorization','Basic dXNlcjp1c2Vy',255),(228,'Content-Type','application/json',256),(229,'Accept','application/json',256),(230,'Content-Type','application/json',257),(231,'Accept','application/json',257),(232,'Authorization','Basic dXNlcjp1c2Vy',257),(233,'Authorization','Basic dXNlcjp1c2Vy',258),(234,'Accept','application/xml',258),(235,'Authorization','Basic dXNlcjp1c2Vy',259),(236,'Accept','application/json',259),(237,'Authorization','Basic dXNlcjp1c2Vy',260),(238,'Accept','application/xml',260),(239,'Authorization','Basic dXNlcjp1c2Vy',261),(240,'Accept','application/json',261),(241,'Authorization','Basic dXNlcjp1c2Vy',262),(242,'Accept','application/xml',262),(243,'Authorization','Basic dXNlcjp1c2Vy',263),(244,'Accept','application/xml',263),(245,'Authorization','Basic dXNlcjp1c2Vy',264),(246,'Accept','application/json',264),(247,'Content-Type','application/json',265),(248,'Accept','application/json',265),(249,'Authorization','Basic dXNlcjp1c2Vy',265),(250,'Content-Type','application/json',266),(251,'Accept','application/json',266),(252,'Authorization','Basic dXNlcjp1c2Vy',266),(253,'Content-Type','application/json',268),(254,'Accept','application/json',268),(255,'Authorization','Basic dXNlcjp1c2Vy',268),(256,'Authorization','Basic dXNlcjp1c2Vy',269),(257,'Accept','application/json',269),(258,'Authorization','Basic dXNlcjp1c2Vy',270),(259,'Accept','application/xml',270),(260,'Authorization','Basic dXNlcjp1c2Vy',271),(261,'Accept','application/json',271),(262,'Content-Type','application/json',272),(263,'Accept','application/json',272),(264,'Authorization','Basic dXNlcjp1c2Vy',272),(265,'Authorization','Basic dXNlcjp1c2Vy',273),(266,'Accept','application/json',273),(267,'Authorization','Basic dXNlcjp1c2Vy',274),(268,'Accept','application/json',274),(269,'Authorization','Basic dXNlcjp1c2Vy',275),(270,'Accept','application/json',275),(271,'Authorization','Basic dXNlcjp1c2Vy',276),(272,'Accept','application/json',276),(273,'Authorization','Basic dXNlcjp1c2Vy',277),(274,'Accept','application/json',277),(275,'Authorization','Basic dXNlcjp1c2Vy',278),(276,'Accept','application/json',278),(277,'Authorization','Basic dXNlcjp1c2Vy',279),(278,'Accept','application/json',279),(279,'Authorization','Basic dXNlcjp1c2Vy',280),(280,'Accept','application/json',280),(281,'Content-Type','application/json',285),(282,'Accept','application/json',285),(283,'Authorization','Basic dXNlcjp1c2Vy',285),(284,'Authorization','Basic dXNlcjp1c2Vy',286),(285,'Accept','application/xml',286),(286,'Authorization','Basic dXNlcjp1c2Vy',287),(287,'Accept','application/json',287),(288,'Authorization','Basic dXNlcjp1c2Vy',288),(289,'Accept','application/json',288),(290,'Authorization','Basic dXNlcjp1c2Vy',289),(291,'Accept','application/xml',289),(292,'Authorization','Basic dXNlcjp1c2Vy',291),(293,'Accept','application/json',291),(294,'Authorization','Basic dXNlcjp1c2Vy',290),(295,'Accept','application/json',290),(296,'Authorization','Basic dXNlcjp1c2Vy',292),(297,'Accept','application/xml',292),(298,'Authorization','Basic dXNlcjp1c2Vy',294),(299,'Accept','application/xml',294),(300,'Authorization','Basic dXNlcjp1c2Vy',295),(301,'Accept','application/json',295),(302,'Authorization','Basic dXNlcjp1c2Vy',296),(303,'Accept','application/json',296),(304,'Authorization','Basic dXNlcjp1c2Vy',293),(305,'Accept','application/json',293),(306,'Authorization','Basic dXNlcjp1c2Vy',297),(307,'Accept','application/xml',297),(308,'Authorization','Basic dXNlcjp1c2Vy',298),(309,'Accept','application/json',298),(310,'Authorization','Basic dXNlcjp1c2Vy',299),(311,'Accept','application/json',299),(312,'Authorization','Basic dXNlcjp1c2Vy',300),(313,'Accept','application/json',300),(314,'Authorization','Basic dXNlcjp1c2Vy',301),(315,'Accept','application/json',301),(316,'Authorization','Basic dXNlcjp1c2Vy',302),(317,'Accept','application/json',302),(318,'Authorization','Basic dXNlcjp1c2Vy',303),(319,'Accept','application/json',303),(320,'Authorization','Basic dXNlcjp1c2Vy',304),(321,'Accept','application/json',304),(322,'Authorization','Basic dXNlcjp1c2Vy',305),(323,'Accept','application/xml',305),(324,'Authorization','Basic dXNlcjp1c2Vy',306),(325,'Accept','application/json',306),(326,'Authorization','Basic dXNlcjp1c2Vy',307),(327,'Accept','application/json',307),(328,'Authorization','Basic dXNlcjp1c2Vy',308),(329,'Accept','application/xml',308),(330,'Content-Type','application/json',309),(331,'Accept','application/json',309),(332,'Authorization','Basic dXNlcjp1c2Vy',309),(333,'Authorization','Basic dXNlcjp1c2Vy',310),(334,'Accept','application/xml',310),(335,'Authorization','Basic dXNlcjp1c2Vy',311),(336,'Accept','application/xml',311),(337,'Authorization','Basic dXNlcjp1c2Vy',312),(338,'Accept','application/json',312),(339,'Authorization','Basic dXNlcjp1c2Vy',313),(340,'Accept','application/json',313),(341,'Authorization','Basic dXNlcjp1c2Vy',314),(342,'Accept','application/xml',314),(343,'Authorization','Basic dXNlcjp1c2Vy',315),(344,'Accept','application/json',315),(345,'Authorization','Basic dXNlcjp1c2Vy',316),(346,'Accept','application/xml',316),(347,'Authorization','Basic dXNlcjp1c2Vy',317),(348,'Accept','application/json',317),(349,'Authorization','Basic dXNlcjp1c2Vy',318),(350,'Accept','application/xml',318),(351,'Authorization','Basic dXNlcjp1c2Vy',319),(352,'Accept','application/json',319),(353,'Authorization','Basic dXNlcjp1c2Vy',320),(354,'Accept','application/json',320),(355,'Authorization','Basic dXNlcjp1c2Vy',321),(356,'Accept','application/json',321),(357,'Content-Type','application/json',322),(358,'Accept','application/json',322),(359,'Authorization','Basic dXNlcjp1c2Vy',322),(360,'Content-Type','application/json',323),(361,'Accept','application/json',323),(362,'Authorization','Basic dXNlcjp1c2Vy',323),(363,'Content-Type','application/json',324),(364,'Accept','application/json',324),(365,'Authorization','Basic dXNlcjp1c2Vy',324),(366,'Content-Type','application/json',325),(367,'Accept','application/json',325),(368,'Authorization','Basic dXNlcjp1c2Vy',325),(369,'Content-Type','application/json',326),(370,'Accept','application/json',326),(371,'Authorization','Basic dXNlcjp1c2Vy',326),(372,'Content-Type','application/json',327),(373,'Accept','application/json',327),(374,'Authorization','Basic dXNlcjp1c2Vy',327),(375,'Content-Type','application/json',328),(376,'Accept','application/json',328),(377,'Authorization','Basic dXNlcjp1c2Vy',328),(378,'Content-Type','application/json',329),(379,'Accept','application/json',329),(380,'Authorization','Basic dXNlcjp1c2Vy',329),(381,'Content-Type','application/json',330),(382,'Accept','application/json',330),(383,'Authorization','Basic dXNlcjp1c2Vy',330),(384,'Authorization','Basic dXNlcjp1c2Vy',331),(385,'Accept','application/xml',331),(386,'Authorization','Basic dXNlcjp1c2Vy',332),(387,'Accept','application/xml',332),(388,'Content-Type','application/json',333),(389,'Accept','application/json',333),(390,'Authorization','Basic dXNlcjp1c2Vy',333),(391,'Content-Type','application/json',334),(392,'Accept','application/json',334),(393,'Authorization','Basic dXNlcjp1c2Vy',334),(394,'Authorization','Basic dXNlcjp1c2Vy',335),(395,'Accept','application/xml',335),(396,'Authorization','Basic dXNlcjp1c2Vy',336),(397,'Accept','application/json',336),(398,'Authorization','Basic dXNlcjp1c2Vy',337),(399,'Accept','application/json',337),(400,'Authorization','Basic dXNlcjp1c2Vy',338),(401,'Accept','application/xml',338),(402,'Authorization','Basic dXNlcjp1c2Vy',339),(403,'Accept','application/json',339),(404,'Authorization','Basic dXNlcjp1c2Vy',340),(405,'Accept','application/json',340),(406,'Content-Type','application/json',341),(407,'Accept','application/json',341),(408,'Authorization','Basic dXNlcjp1c2Vy',341),(409,'Authorization','Basic dXNlcjp1c2Vy',342),(410,'Accept','application/xml',342),(411,'Authorization','Basic dXNlcjp1c2Vy',343),(412,'Accept','application/json',343),(413,'Authorization','Basic dXNlcjp1c2Vy',344),(414,'Accept','application/json',344),(415,'Content-Type','application/xml',345),(416,'Accept','application/xml',345),(417,'Authorization','Basic dXNlcjp1c2Vy',345),(418,'Content-Type','application/xml',346),(419,'Accept','application/xml',346),(420,'Authorization','Basic dXNlcjp1c2Vy',346),(421,'Content-Type','application/xml',347),(422,'Accept','application/xml',347),(423,'Authorization','Basic dXNlcjp1c2Vy',347),(424,'Content-Type','application/xml',348),(425,'Accept','application/xml',348),(426,'Authorization','Basic dXNlcjp1c2Vy',348),(427,'Content-Type','application/xml',349),(428,'Accept','application/xml',349),(429,'Authorization','Basic dXNlcjp1c2Vy',349),(430,'Content-Type','application/json',350),(431,'Accept','application/json',350),(432,'Authorization','Basic dXNlcjp1c2Vy',350),(433,'Content-Type','application/xml',351),(434,'Accept','application/xml',351),(435,'Authorization','Basic dXNlcjp1c2Vy',351),(436,'Content-Type','application/json',352),(437,'Accept','application/json',352),(438,'Authorization','Basic dXNlcjp1c2Vy',352),(439,'Content-Type','application/xml',353),(440,'Accept','application/xml',353),(441,'Authorization','Basic dXNlcjp1c2Vy',353),(442,'Content-Type','application/xml',354),(443,'Accept','application/xml',354),(444,'Authorization','Basic dXNlcjp1c2Vy',354),(445,'Content-Type','application/json',355),(446,'Accept','application/json',355),(447,'Authorization','Basic dXNlcjp1c2Vy',355),(448,'Content-Type','application/json',356),(449,'Accept','application/json',356),(450,'Authorization','Basic dXNlcjp1c2Vy',356),(451,'Content-Type','application/xml',357),(452,'Accept','application/xml',357),(453,'Authorization','Basic dXNlcjp1c2Vy',357),(454,'Content-Type','application/json',358),(455,'Accept','application/json',358),(456,'Authorization','Basic dXNlcjp1c2Vy',358),(457,'Content-Type','application/xml',359),(458,'Accept','application/xml',359),(459,'Authorization','Basic dXNlcjp1c2Vy',359),(460,'Content-Type','application/xml',360),(461,'Accept','application/xml',360),(462,'Authorization','Basic dXNlcjp1c2Vy',360),(463,'Content-Type','application/json',361),(464,'Accept','application/json',361),(465,'Authorization','Basic dXNlcjp1c2Vy',361),(466,'Content-Type','application/json',362),(467,'Accept','application/json',362),(468,'Authorization','Basic dXNlcjp1c2Vy',362),(469,'Content-Type','application/json',363),(470,'Accept','application/json',363),(471,'Authorization','Basic dXNlcjp1c2Vy',363),(478,'Content-Type','application/xml',367),(479,'Accept','application/xml',367),(480,'Authorization','Basic dXNlcjp1c2Vy',367),(481,'Content-Type','application/json',368),(482,'Accept','application/json',368),(483,'Authorization','Basic dXNlcjp1c2Vy',368),(492,'Authorization','Basic dXNlcjp1c2Vy',373),(493,'Accept','application/xml',373),(494,'Authorization','Basic dXNlcjp1c2Vy',374),(495,'Accept','application/json',374),(502,'Authorization','Basic dXNlcjp1c2Vy',378),(503,'Accept','application/xml',378),(506,'Authorization','Basic dXNlcjp1c2Vy',380),(507,'Accept','application/json',380),(530,'Content-Type','application/xml',389),(531,'Accept','application/xml',389),(532,'Authorization','Basic dXNlcjp1c2Vy',389),(539,'Authorization','Basic dXNlcjp1c2Vy',393),(540,'Accept','application/json',393),(548,'Authorization','Basic dXNlcjp1c2Vy',397),(549,'Accept','application/json',397),(550,'Authorization','Basic dXNlcjp1c2Vy',398),(551,'Accept','application/xml',398),(552,'Authorization','Basic dXNlcjp1c2Vy',399),(553,'Accept','application/json',399),(554,'Authorization','Basic dXNlcjp1c2Vy',400),(555,'Accept','application/xml',400),(560,'Content-Type','application/xml',403),(561,'Accept','application/xml',403),(562,'Authorization','Basic dXNlcjp1c2Vy',403),(566,'Content-Type','application/json',405),(567,'Accept','application/json',405),(568,'Authorization','Basic dXNlcjp1c2Vy',405),(569,'Content-Type','application/json',406),(570,'Accept','application/json',406),(571,'Authorization','Basic dXNlcjp1c2Vy',406),(572,'Content-Type','application/json',407),(573,'Accept','application/json',407),(574,'Authorization','Basic dXNlcjp1c2Vy',407),(575,'Authorization','Basic dXNlcjp1c2Vy',408),(576,'Accept','application/json',408),(577,'Content-Type','application/json',409),(578,'Accept','application/json',409),(579,'Authorization','Basic dXNlcjp1c2Vy',409),(580,'Authorization','Basic dXNlcjp1c2Vy',410),(581,'Accept','application/json',410),(582,'Authorization','Basic dXNlcjp1c2Vy',411),(583,'Accept','application/json',411),(584,'Authorization','Basic dXNlcjp1c2Vy',412),(585,'Accept','application/json',412),(586,'Authorization','Basic dXNlcjp1c2Vy',413),(587,'Accept','application/json',413),(588,'Authorization','Basic dXNlcjp1c2Vy',414),(589,'Accept','application/json',414);
/*!40000 ALTER TABLE `HeaderHistory` ENABLE KEYS */;
UNLOCK TABLES;

--
-- Table structure for table `Label`
--

DROP TABLE IF EXISTS `Label`;
/*!40101 SET @saved_cs_client     = @@character_set_client */;
/*!40101 SET character_set_client = utf8 */;
CREATE TABLE `Label` (
  `id` int(11) unsigned NOT NULL AUTO_INCREMENT,
  `name` varchar(75) COLLATE utf8_bin NOT NULL,
  PRIMARY KEY (`id`),
  UNIQUE KEY `name` (`name`)
) ENGINE=InnoDB AUTO_INCREMENT=48 DEFAULT CHARSET=utf8 COLLATE=utf8_bin;
/*!40101 SET character_set_client = @saved_cs_client */;

--
-- Dumping data for table `Label`
--

LOCK TABLES `Label` WRITE;
/*!40000 ALTER TABLE `Label` DISABLE KEYS */;
INSERT INTO `Label` VALUES (45,'234234'),(12,'anton'),(44,'asdasd'),(47,'cxvxcvxc'),(15,'ivan'),(6,'kolya'),(31,'roman'),(3,'taras'),(13,'viktor'),(46,'xcvxvcx'),(5,'yura');
/*!40000 ALTER TABLE `Label` ENABLE KEYS */;
UNLOCK TABLES;

--
-- Table structure for table `Request`
--

DROP TABLE IF EXISTS `Request`;
/*!40101 SET @saved_cs_client     = @@character_set_client */;
/*!40101 SET character_set_client = utf8 */;
CREATE TABLE `Request` (
  `id` int(11) unsigned NOT NULL AUTO_INCREMENT,
  `name` varchar(75) COLLATE utf8_bin NOT NULL,
  `description` varchar(255) COLLATE utf8_bin NOT NULL,
  `requestMethod` varchar(7) COLLATE utf8_bin NOT NULL,
  `applicationId` int(11) unsigned NOT NULL,
  `serviceId` int(11) unsigned NOT NULL,
  `endpoint` varchar(255) COLLATE utf8_bin NOT NULL,
  `requestBody` text COLLATE utf8_bin,
  `responseType` varchar(10) COLLATE utf8_bin NOT NULL,
  `expectedResponse` text COLLATE utf8_bin,
  `timeout` int(11) DEFAULT NULL,
  PRIMARY KEY (`id`),
  UNIQUE KEY `name` (`name`),
  KEY `FK_Request_Application_id` (`applicationId`),
  KEY `FK_Request_Service_id` (`serviceId`),
  CONSTRAINT `FK_Request_Application_id` FOREIGN KEY (`applicationId`) REFERENCES `Application` (`id`),
  CONSTRAINT `FK_Request_Service_id` FOREIGN KEY (`serviceId`) REFERENCES `Service` (`id`)
) ENGINE=InnoDB AUTO_INCREMENT=171 DEFAULT CHARSET=utf8 COLLATE=utf8_bin;
/*!40101 SET character_set_client = @saved_cs_client */;

--
-- Dumping data for table `Request`
--

LOCK TABLES `Request` WRITE;
/*!40000 ALTER TABLE `Request` DISABLE KEYS */;
INSERT INTO `Request` VALUES (47,'Loads author 294 <FAIL timeout>','Loads author with id=294; FAIL timeout','GET',4,3,'/authors/294?delay=15',NULL,'JSON','{\n  \"id\": 294,\n  \"firstName\": \"Erich Maria\",\n  \"lastName\": \"Remarque\",\n  \"age\": 72,\n  \"salary\": 0.0\n}',10),(48,'Loads authors <FAIL 401>','Loads all authors; FAIL UNAUTHORIZED','GET',4,3,'/authors',NULL,'JSON','[\n  {\n    \"id\": 294,\n    \"firstName\": \"Erich Maria\",\n    \"lastName\": \"Remarque\",\n    \"age\": 72,\n    \"salary\": 0.0\n  },\n  {\n    \"id\": 295,\n    \"firstName\": \"Taras\",\n    \"lastName\": \"Shevchenko\",\n    \"age\": 47,\n    \"salary\": 0.0\n  }\n]',50),(49,'Loads authors <FAIL 403>','Loads all authors; FAIL Forbidden','GET',4,3,'/authors',NULL,'JSON','[\n  {\n    \"id\": 294,\n    \"firstName\": \"Erich Maria\",\n    \"lastName\": \"Remarque\",\n    \"age\": 72,\n    \"salary\": 0.0\n  },\n  {\n    \"id\": 295,\n    \"firstName\": \"Taras\",\n    \"lastName\": \"Shevchenko\",\n    \"age\": 47,\n    \"salary\": 0.0\n  }\n]',50),(64,'Loads authors <FAIL don\'t match resp XML>','Loads all authors; FAIL response doesn\'t match','GET',4,3,'/authors',NULL,'XML','<?xml version=\"1.0\" encoding=\"UTF-8\"?><authors>\r\n  <author>\r\n    <age>72</age>\r\n    <firstName>Erich Maria</firstName>\r\n    <id>294</id>\r\n    <lastName>Remarque</lastName>\r\n    <salary>0.0</salary>\r\n  </author>\r\n</authors>\r\n',30),(65,'Loads authors <FAIL don\'t match resp JSON>','Loads all authorsFAIL response doesn\'t match','GET',4,3,'/authors',NULL,'JSON','[\n  {\n    \"id\": 294,\n    \"firstName\": \"Erich Maria\",\n    \"lastName\": \"Remarque\",\n    \"age\": 72,\n    \"salary\": 0.0\n  }\n]',30),(66,'Loads author 294 <PASS XML>','Loads author with id=294','GET',4,3,'/authors/294',NULL,'XML','<?xml version=\"1.0\" encoding=\"UTF-8\"?><author>\r\n  <age>72</age>\r\n  <firstName>Erich Maria</firstName>\r\n  <id>294</id>\r\n  <lastName>Remarque</lastName>\r\n  <salary>0.0</salary>\r\n</author>\r\n',1000),(67,'Loads author 294 <PASS JSON>','Loads author with id=294','GET',4,3,'/authors/294',NULL,'JSON','{\n  \"id\": 294,\n  \"firstName\": \"Erich Maria\",\n  \"lastName\": \"Remarque\",\n  \"age\": 72,\n  \"salary\": 0.0\n}',1000),(69,'Deletes author 295 <FAIL 403>','Deletes author with id=295; FAIL 403','DELETE',4,3,'/authors/295',NULL,'UNDEFINED','',10),(70,'Loads books for author 294 <PASS JSON>','Loads books for author with id=294','GET',4,3,'/authors/294/books',NULL,'JSON','[\n  {\n    \"id\": 74,\n    \"name\": \"Three Comrades\",\n    \"year\": 1937,\n    \"authorId\": 294\n  },\n  {\n    \"id\": 75,\n    \"name\": \"All Quiet on the Western Front\",\n    \"year\": 1929,\n    \"authorId\": 294\n  },\n  {\n    \"id\": 76,\n    \"name\": \"Arch of Triumph\",\n    \"year\": 1945,\n    \"authorId\": 294\n  }\n]',30),(71,'Loads books for author 294 <PASS XML>','Loads books for author with id=294','GET',4,3,'/authors/294/books',NULL,'XML','<?xml version=\"1.0\" encoding=\"UTF-8\"?><books>\n  <book>\n    <authorId>294</authorId>\n    <id>74</id>\n    <name>Three Comrades</name>\n    <year>1937</year>\n  </book>\n  <book>\n    <authorId>294</authorId>\n    <id>75</id>\n    <name>All Quiet on the Western Front</name>\n    <year>1929</year>\n  </book>\n  <book>\n    <authorId>294</authorId>\n    <id>76</id>\n    <name>Arch of Triumph</name>\n    <year>1945</year>\n  </book>\n</books>\n',30),(72,'Loads books for author 294 <PASS XML5','Loads books for author with id=295','GET',4,3,'/authors/295/books',NULL,'XML','<?xml version=\"1.0\" encoding=\"UTF-8\"?><books>\r\n  <book>\r\n    <authorId>295</authorId>\r\n    <id>77</id>\r\n    <name>Poplar</name>\r\n    <year>1839</year>\r\n  </book>\r\n  <book>\r\n    <authorId>295</authorId>\r\n    <id>78</id>\r\n    <name>Kate</name>\r\n    <year>1839</year>\r\n  </book>\r\n  <book>\r\n    <authorId>295</authorId>\r\n    <id>80</id>\r\n    <name>Kobzar</name>\r\n    <year>1840</year>\r\n  </book>\r\n  <book>\r\n    <authorId>295</authorId>\r\n    <id>81</id>\r\n    <name>Ivan Pidkova</name>\r\n    <year>1839</year>\r\n  </book>\r\n</books>\r\n',30),(73,'Loads books for author 295 <PASS JSON>','Loads books for author with id=295','GET',4,3,'/authors/295/books',NULL,'JSON','[\n  {\n    \"id\": 77,\n    \"name\": \"Poplar\",\n    \"year\": 1839,\n    \"authorId\": 295\n  },\n  {\n    \"id\": 78,\n    \"name\": \"Kate\",\n    \"year\": 1839,\n    \"authorId\": 295\n  },\n  {\n    \"id\": 80,\n    \"name\": \"Kobzar\",\n    \"year\": 1840,\n    \"authorId\": 295\n  },\n  {\n    \"id\": 81,\n    \"name\": \"Ivan Pidkova\",\n    \"year\": 1839,\n    \"authorId\": 295\n  }\n]',30),(75,'Creates author <FAIL NOT LOG; JSON>','Creates new author','POST',4,3,'/authors?logging=false','{\n  \"firstName\": \"${firstName}\",\n  \"lastName\": \"${lastName}\",\n  \"age\": 29,\n  \"salary\": 0.0\n}','JSON','{\n  \"id\": \"STUB_VALUE\",\n  \"firstName\": \"${firstName}\",\n  \"lastName\": \"${lastName}\",\n  \"age\": 29,\n  \"salary\": 0.0\n}',30),(76,'Creates author <PASS LOG; JSON>','Creates new author','POST',4,3,'/authors?logging=true','{\n  \"firstName\": \"${firstName}\",\n  \"lastName\": \"${lastName}\",\n  \"age\": 29,\n  \"salary\": 0.0\n}','JSON','{\n  \"id\": \"STUB_VALUE\",\n  \"firstName\": \"${firstName}\",\n  \"lastName\": \"${lastName}\",\n  \"age\": 29,\n  \"salary\": 0.0\n}',30),(147,'test','desc','POST',4,3,'/test',NULL,'XML',NULL,450),(148,'test_copy','desc','POST',4,3,'/test',NULL,'XML',NULL,30),(156,'Creates author <PASS_LOG_XML>','Creates author ','POST',4,3,'/authors?logging=true','<?xml version=\"1.0\" encoding=\"UTF-8\"?><author> \n  <age>91</age>\n  <firstName>${firstName}</firstName>\n  <lastName>${lastName}</lastName>\n  <salary>0.0</salary>\n</author>\n','XML','<?xml version=\"1.0\" encoding=\"UTF-8\"?><author>\r\n  <age>91</age>\r\n  <firstName>${firstName}</firstName>\r\n  <id>STUB_VALUE</id>\r\n  <lastName>${lastName}</lastName>\r\n  <salary>0.0</salary>\r\n</author>\r\n',30),(163,'Loads books for author 294 <PASS JSON>_with DB validation','Loads books for author with id=294','GET',4,3,'/authors/294/books',NULL,'JSON','[\n  {\n    \"id\": 74,\n    \"name\": \"Three Comrades\",\n    \"year\": 1937,\n    \"authorId\": 294\n  },\n  {\n    \"id\": 75,\n    \"name\": \"All Quiet on the Western Front\",\n    \"year\": 1929,\n    \"authorId\": 294\n  },\n  {\n    \"id\": 76,\n    \"name\": \"Arch of Triumph\",\n    \"year\": 1945,\n    \"authorId\": 294\n  }\n]',30),(170,'Creates author <PASS LOG; JSON>_copy','Creates new author','POST',4,3,'/authors?logging=true','{\n  \"firstName\": \"${firstName}\",\n  \"lastName\": \"${lastName}\",\n  \"age\": 29,\n  \"salary\": 0.0\n}','JSON','{\n  \"id\": \"STUB_VALUE\",\n  \"firstName\": \"${firstName}\",\n  \"lastName\": \"${lastName}\",\n  \"age\": 29,\n  \"salary\": 0.0\n}',30);
/*!40000 ALTER TABLE `Request` ENABLE KEYS */;
UNLOCK TABLES;

--
-- Table structure for table `RequestCollection`
--

DROP TABLE IF EXISTS `RequestCollection`;
/*!40101 SET @saved_cs_client     = @@character_set_client */;
/*!40101 SET character_set_client = utf8 */;
CREATE TABLE `RequestCollection` (
  `id` int(11) unsigned NOT NULL AUTO_INCREMENT,
  `name` varchar(75) COLLATE utf8_bin NOT NULL,
  `description` varchar(255) COLLATE utf8_bin NOT NULL,
  PRIMARY KEY (`id`),
  UNIQUE KEY `name` (`name`)
) ENGINE=InnoDB AUTO_INCREMENT=57 DEFAULT CHARSET=utf8 COLLATE=utf8_bin;
/*!40101 SET character_set_client = @saved_cs_client */;

--
-- Dumping data for table `RequestCollection`
--

LOCK TABLES `RequestCollection` WRITE;
/*!40000 ALTER TABLE `RequestCollection` DISABLE KEYS */;
INSERT INTO `RequestCollection` VALUES (1,'NewCollection','Smth'),(2,'NewCollection1','smth'),(8,'NewCollection12','smth'),(15,'NewCollection123','smth'),(35,'test','test'),(37,'test2','test2');
/*!40000 ALTER TABLE `RequestCollection` ENABLE KEYS */;
UNLOCK TABLES;

--
-- Table structure for table `RequestCollection_Label`
--

DROP TABLE IF EXISTS `RequestCollection_Label`;
/*!40101 SET @saved_cs_client     = @@character_set_client */;
/*!40101 SET character_set_client = utf8 */;
CREATE TABLE `RequestCollection_Label` (
  `requestCollectionId` int(11) unsigned NOT NULL,
  `labelId` int(11) unsigned NOT NULL,
  PRIMARY KEY (`requestCollectionId`,`labelId`),
  KEY `FK_RequestCollection_Label_Label_id` (`labelId`),
  CONSTRAINT `FK_RequestCollection_Label_Label_id` FOREIGN KEY (`labelId`) REFERENCES `Label` (`id`) ON DELETE CASCADE ON UPDATE CASCADE,
  CONSTRAINT `FK_RequestCollection_Label_RequestCollection_id` FOREIGN KEY (`requestCollectionId`) REFERENCES `RequestCollection` (`id`) ON DELETE CASCADE ON UPDATE CASCADE
) ENGINE=InnoDB DEFAULT CHARSET=utf8 COLLATE=utf8_bin;
/*!40101 SET character_set_client = @saved_cs_client */;

--
-- Dumping data for table `RequestCollection_Label`
--

LOCK TABLES `RequestCollection_Label` WRITE;
/*!40000 ALTER TABLE `RequestCollection_Label` DISABLE KEYS */;
INSERT INTO `RequestCollection_Label` VALUES (1,3),(2,3),(1,5),(2,5),(8,5),(15,5),(1,6),(15,6),(8,12);
/*!40000 ALTER TABLE `RequestCollection_Label` ENABLE KEYS */;
UNLOCK TABLES;

--
-- Table structure for table `RequestCollection_Request`
--

DROP TABLE IF EXISTS `RequestCollection_Request`;
/*!40101 SET @saved_cs_client     = @@character_set_client */;
/*!40101 SET character_set_client = utf8 */;
CREATE TABLE `RequestCollection_Request` (
  `requestCollectionId` int(11) unsigned NOT NULL,
  `requestId` int(11) unsigned NOT NULL,
  PRIMARY KEY (`requestCollectionId`,`requestId`),
  KEY `FK_RequestCollection_Request_Request_id` (`requestId`),
  CONSTRAINT `FK_RequestCollection_Request_Request_id` FOREIGN KEY (`requestId`) REFERENCES `Request` (`id`) ON DELETE CASCADE ON UPDATE CASCADE,
  CONSTRAINT `FK_RequestCollection_Request_RequestCollection_id` FOREIGN KEY (`requestCollectionId`) REFERENCES `RequestCollection` (`id`) ON DELETE CASCADE ON UPDATE CASCADE
) ENGINE=InnoDB DEFAULT CHARSET=utf8 COLLATE=utf8_bin;
/*!40101 SET character_set_client = @saved_cs_client */;

--
-- Dumping data for table `RequestCollection_Request`
--

LOCK TABLES `RequestCollection_Request` WRITE;
/*!40000 ALTER TABLE `RequestCollection_Request` DISABLE KEYS */;
INSERT INTO `RequestCollection_Request` VALUES (15,48),(15,49),(8,66),(37,66),(15,67),(35,67),(37,67),(8,70),(37,70),(1,71),(1,73),(15,75),(8,76);
/*!40000 ALTER TABLE `RequestCollection_Request` ENABLE KEYS */;
UNLOCK TABLES;

--
-- Table structure for table `Request_Label`
--

DROP TABLE IF EXISTS `Request_Label`;
/*!40101 SET @saved_cs_client     = @@character_set_client */;
/*!40101 SET character_set_client = utf8 */;
CREATE TABLE `Request_Label` (
  `requestId` int(11) unsigned NOT NULL,
  `labelId` int(11) unsigned NOT NULL,
  PRIMARY KEY (`requestId`,`labelId`),
  KEY `FK_Request_Label_Label_id` (`labelId`),
  CONSTRAINT `FK_Request_Label_Label_id` FOREIGN KEY (`labelId`) REFERENCES `Label` (`id`) ON DELETE CASCADE ON UPDATE CASCADE,
  CONSTRAINT `FK_Request_Label_Request_id` FOREIGN KEY (`requestId`) REFERENCES `Request` (`id`) ON DELETE CASCADE ON UPDATE CASCADE
) ENGINE=InnoDB DEFAULT CHARSET=utf8 COLLATE=utf8_bin;
/*!40101 SET character_set_client = @saved_cs_client */;

--
-- Dumping data for table `Request_Label`
--

LOCK TABLES `Request_Label` WRITE;
/*!40000 ALTER TABLE `Request_Label` DISABLE KEYS */;
INSERT INTO `Request_Label` VALUES (64,3),(64,12),(64,15),(64,31),(71,31),(76,31),(156,31),(170,31);
/*!40000 ALTER TABLE `Request_Label` ENABLE KEYS */;
UNLOCK TABLES;

--
-- Table structure for table `ResultHistory`
--

DROP TABLE IF EXISTS `ResultHistory`;
/*!40101 SET @saved_cs_client     = @@character_set_client */;
/*!40101 SET character_set_client = utf8 */;
CREATE TABLE `ResultHistory` (
  `id` int(11) unsigned NOT NULL AUTO_INCREMENT,
  `status` bit(1) NOT NULL,
  `applicationId` int(11) unsigned NOT NULL,
  `serviceId` int(11) unsigned NOT NULL,
  `requestId` int(11) unsigned NOT NULL,
  `requestName` varchar(75) COLLATE utf8_bin NOT NULL,
  `requestDescription` varchar(255) COLLATE utf8_bin NOT NULL,
  `url` varchar(255) COLLATE utf8_bin NOT NULL,
  `responseType` text COLLATE utf8_bin NOT NULL,
  `requestBody` text COLLATE utf8_bin,
  `statusLine` text COLLATE utf8_bin NOT NULL,
  `timeStart` timestamp NOT NULL DEFAULT CURRENT_TIMESTAMP ON UPDATE CURRENT_TIMESTAMP,
  `expectedResponseTime` int(11) NOT NULL,
  `responseTime` int(11) NOT NULL,
  `expectedResponse` text COLLATE utf8_bin NOT NULL,
  `actualResponse` text COLLATE utf8_bin,
  `message` text COLLATE utf8_bin NOT NULL,
  `runId` int(11) unsigned NOT NULL,
  `requestCollectionId` int(11) unsigned DEFAULT NULL,
  `buildVersionId` int(11) unsigned DEFAULT NULL,
  PRIMARY KEY (`id`),
  KEY `FK_ResultHistory_Application_id` (`applicationId`),
  KEY `FK_ResultHistory_Service_id` (`serviceId`),
  KEY `FK_ResultHistory_Request_id` (`requestId`),
  KEY `FK_ResultHistory_RequestCollection_id` (`requestCollectionId`),
  KEY `FK_ResultHistory_BuildVersion_id` (`buildVersionId`),
  CONSTRAINT `FK_ResultHistory_Application_id` FOREIGN KEY (`applicationId`) REFERENCES `Application` (`id`),
  CONSTRAINT `FK_ResultHistory_BuildVersion_id` FOREIGN KEY (`buildVersionId`) REFERENCES `BuildVersion` (`id`),
  CONSTRAINT `FK_ResultHistory_RequestCollection_id` FOREIGN KEY (`requestCollectionId`) REFERENCES `RequestCollection` (`id`) ON DELETE CASCADE ON UPDATE CASCADE,
  CONSTRAINT `FK_ResultHistory_Request_id` FOREIGN KEY (`requestId`) REFERENCES `Request` (`id`) ON DELETE CASCADE ON UPDATE CASCADE,
  CONSTRAINT `FK_ResultHistory_Service_id` FOREIGN KEY (`serviceId`) REFERENCES `Service` (`id`)
) ENGINE=InnoDB AUTO_INCREMENT=415 DEFAULT CHARSET=utf8 COLLATE=utf8_bin;
/*!40101 SET character_set_client = @saved_cs_client */;

--
-- Dumping data for table `ResultHistory`
--

LOCK TABLES `ResultHistory` WRITE;
/*!40000 ALTER TABLE `ResultHistory` DISABLE KEYS */;
INSERT INTO `ResultHistory` VALUES (80,'\0',4,3,76,'Creates author <PASS LOG; JSON>','Creates new author','http://localhost:9080/test-service/authors?logging=true','JSON','{\n  \"firstName\": \"Lesya\",\n  \"lastName\": \"UkrainkaT1JO2\",\n  \"age\": 29,\n  \"salary\": 0.0\n}','HTTP/1.1 200 OK','2016-03-31 16:24:20',30,236,'{\n  \"id\": \"STUB_VALUE\",\n  \"firstName\": \"Lesya\",\n  \"lastName\": \"UkrainkaT1JO2\",\n  \"age\": 29,\n  \"salary\": 0.0\n}','{\"id\":475,\"firstName\":\"Lesya\",\"lastName\":\"UkrainkaT1JO2\",\"age\":29,\"salary\":0.0}','OK',10,NULL,NULL),(81,'\0',4,3,76,'Creates author <PASS LOG; JSON>','Creates new author','http://localhost:9080/test-service/authors?logging=true','JSON','{\n  \"firstName\": \"Lesya\",\n  \"lastName\": \"Ukrainka4QIv6\",\n  \"age\": 29,\n  \"salary\": 0.0\n}','HTTP/1.1 200 OK','2016-03-31 16:34:12',30,176,'{\n  \"id\": \"STUB_VALUE\",\n  \"firstName\": \"Lesya\",\n  \"lastName\": \"Ukrainka4QIv6\",\n  \"age\": 29,\n  \"salary\": 0.0\n}','{\"id\":476,\"firstName\":\"Lesya\",\"lastName\":\"Ukrainka4QIv6\",\"age\":29,\"salary\":0.0}','OK',11,NULL,NULL),(82,'\0',4,3,76,'Creates author <PASS LOG; JSON>','Creates new author','http://localhost:9080/test-service/authors?logging=true','JSON','{\n  \"firstName\": \"Lesya\",\n  \"lastName\": \"UkrainkaCYCyo\",\n  \"age\": 29,\n  \"salary\": 0.0\n}','HTTP/1.1 401 Unauthorized','2016-03-31 17:11:13',30,890,'{\n  \"id\": \"STUB_VALUE\",\n  \"firstName\": \"Lesya\",\n  \"lastName\": \"UkrainkaCYCyo\",\n  \"age\": 29,\n  \"salary\": 0.0\n}','User cannot access the resource.','Unauthorized',12,NULL,NULL),(83,'',4,3,66,'Loads author 294 <PASS XML>','Loads author with id=294','http://localhost:9080/test-service/authors/294','XML',NULL,'HTTP/1.1 200 OK','2016-04-02 21:03:13',30,216,'<?xml version=\"1.0\" encoding=\"UTF-8\"?><author>\r\n  <age>72</age>\r\n  <firstName>Erich Maria</firstName>\r\n  <id>294</id>\r\n  <lastName>Remarque</lastName>\r\n  <salary>0.0</salary>\r\n</author>\r\n','<?xml version=\"1.0\" encoding=\"UTF-8\" standalone=\"yes\"?><author><age>72</age><firstName>Erich Maria</firstName><id>294</id><lastName>Remarque</lastName><salary>0.0</salary></author>','OK',13,NULL,NULL),(84,'',4,3,67,'Loads author 294 <PASS JSON>','Loads author with id=294','http://localhost:9080/test-service/authors/294','JSON',NULL,'HTTP/1.1 200 OK','2016-04-02 21:05:33',30,212,'{\n  \"id\": 294,\n  \"firstName\": \"Erich Maria\",\n  \"lastName\": \"Remarque\",\n  \"age\": 72,\n  \"salary\": 0.0\n}','{\"id\":294,\"firstName\":\"Erich Maria\",\"lastName\":\"Remarque\",\"age\":72,\"salary\":0.0}','OK',14,NULL,NULL),(86,'',4,3,71,'Loads books for author 294 <PASS XML>','Loads books for author with id=294','http://localhost:9080/test-service/authors/294/books','XML',NULL,'HTTP/1.1 200 OK','2016-04-02 23:53:34',30,1769,'<?xml version=\"1.0\" encoding=\"UTF-8\"?><books>\r\n  <book>\r\n    <authorId>294</authorId>\r\n    <id>74</id>\r\n    <name>Three Comrades</name>\r\n    <year>1937</year>\r\n  </book>\r\n  <book>\r\n    <authorId>294</authorId>\r\n    <id>75</id>\r\n    <name>All Quiet on the Western Front</name>\r\n    <year>1929</year>\r\n  </book>\r\n  <book>\r\n    <authorId>294</authorId>\r\n    <id>76</id>\r\n    <name>Arch of Triumph</name>\r\n    <year>1945</year>\r\n  </book>\r\n</books>\r\n','<?xml version=\"1.0\" encoding=\"UTF-8\" standalone=\"yes\"?><books><book><authorId>294</authorId><id>74</id><name>Three Comrades</name><year>1937</year></book><book><authorId>294</authorId><id>75</id><name>All Quiet on the Western Front</name><year>1929</year></book><book><authorId>294</authorId><id>76</id><name>Arch of Triumph</name><year>1945</year></book></books>','OK',16,NULL,NULL),(87,'',4,3,71,'Loads books for author 294 <PASS XML>','Loads books for author with id=294','http://localhost:9080/test-service/authors/294/books','XML',NULL,'HTTP/1.1 200 OK','2016-04-02 23:59:05',30,212,'<?xml version=\"1.0\" encoding=\"UTF-8\"?><books>\r\n  <book>\r\n    <authorId>294</authorId>\r\n    <id>74</id>\r\n    <name>Three Comrades</name>\r\n    <year>1937</year>\r\n  </book>\r\n  <book>\r\n    <authorId>294</authorId>\r\n    <id>75</id>\r\n    <name>All Quiet on the Western Front</name>\r\n    <year>1929</year>\r\n  </book>\r\n  <book>\r\n    <authorId>294</authorId>\r\n    <id>76</id>\r\n    <name>Arch of Triumph</name>\r\n    <year>1945</year>\r\n  </book>\r\n</books>\r\n','<?xml version=\"1.0\" encoding=\"UTF-8\" standalone=\"yes\"?><books><book><authorId>294</authorId><id>74</id><name>Three Comrades</name><year>1937</year></book><book><authorId>294</authorId><id>75</id><name>All Quiet on the Western Front</name><year>1929</year></book><book><authorId>294</authorId><id>76</id><name>Arch of Triumph</name><year>1945</year></book></books>','OK',17,NULL,NULL),(88,'',4,3,67,'Loads author 294 <PASS JSON>','Loads author with id=294','http://localhost:9080/test-service/authors/294','JSON',NULL,'HTTP/1.1 200 OK','2016-04-04 08:59:39',30,3816,'{\n  \"id\": 294,\n  \"firstName\": \"Erich Maria\",\n  \"lastName\": \"Remarque\",\n  \"age\": 72,\n  \"salary\": 0.0\n}','{\"id\":294,\"firstName\":\"Erich Maria\",\"lastName\":\"Remarque\",\"age\":72,\"salary\":0.0}','OK',18,NULL,NULL),(95,'',4,3,67,'Loads author 294 <PASS JSON>','Loads author with id=294','http://localhost:9080/test-service/authors/294','JSON',NULL,'HTTP/1.1 200 OK','2016-04-04 20:58:42',30,648,'{\n  \"id\": 294,\n  \"firstName\": \"Erich Maria\",\n  \"lastName\": \"Remarque\",\n  \"age\": 72,\n  \"salary\": 0.0\n}','{\"id\":294,\"firstName\":\"Erich Maria\",\"lastName\":\"Remarque\",\"age\":72,\"salary\":0.0}','OK',21,NULL,NULL),(96,'',4,3,67,'Loads author 294 <PASS JSON>','Loads author with id=294','http://localhost:9080/test-service/authors/294','JSON',NULL,'HTTP/1.1 200 OK','2016-04-04 20:59:49',30,88,'{\n  \"id\": 294,\n  \"firstName\": \"Erich Maria\",\n  \"lastName\": \"Remarque\",\n  \"age\": 72,\n  \"salary\": 0.0\n}','{\"id\":294,\"firstName\":\"Erich Maria\",\"lastName\":\"Remarque\",\"age\":72,\"salary\":0.0}','OK',22,NULL,NULL),(97,'',4,3,71,'Loads books for author 294 <PASS XML>','Loads books for author with id=294','http://localhost:9080/test-service/authors/294/books','XML',NULL,'HTTP/1.1 200 OK','2016-04-04 21:06:51',30,239,'<?xml version=\"1.0\" encoding=\"UTF-8\"?><books>\r\n  <book>\r\n    <authorId>294</authorId>\r\n    <id>74</id>\r\n    <name>Three Comrades</name>\r\n    <year>1937</year>\r\n  </book>\r\n  <book>\r\n    <authorId>294</authorId>\r\n    <id>75</id>\r\n    <name>All Quiet on the Western Front</name>\r\n    <year>1929</year>\r\n  </book>\r\n  <book>\r\n    <authorId>294</authorId>\r\n    <id>76</id>\r\n    <name>Arch of Triumph</name>\r\n    <year>1945</year>\r\n  </book>\r\n</books>\r\n','<?xml version=\"1.0\" encoding=\"UTF-8\" standalone=\"yes\"?><books><book><authorId>294</authorId><id>74</id><name>Three Comrades</name><year>1937</year></book><book><authorId>294</authorId><id>75</id><name>All Quiet on the Western Front</name><year>1929</year></book><book><authorId>294</authorId><id>76</id><name>Arch of Triumph</name><year>1945</year></book></books>','OK',23,NULL,NULL),(98,'',4,3,71,'Loads books for author 294 <PASS XML>','Loads books for author with id=294','http://localhost:9080/test-service/authors/294/books','XML',NULL,'HTTP/1.1 200 OK','2016-04-04 21:27:05',30,455,'<?xml version=\"1.0\" encoding=\"UTF-8\"?><books>\r\n  <book>\r\n    <authorId>294</authorId>\r\n    <id>74</id>\r\n    <name>Three Comrades</name>\r\n    <year>1937</year>\r\n  </book>\r\n  <book>\r\n    <authorId>294</authorId>\r\n    <id>75</id>\r\n    <name>All Quiet on the Western Front</name>\r\n    <year>1929</year>\r\n  </book>\r\n  <book>\r\n    <authorId>294</authorId>\r\n    <id>76</id>\r\n    <name>Arch of Triumph</name>\r\n    <year>1945</year>\r\n  </book>\r\n</books>\r\n','<?xml version=\"1.0\" encoding=\"UTF-8\" standalone=\"yes\"?><books><book><authorId>294</authorId><id>74</id><name>Three Comrades</name><year>1937</year></book><book><authorId>294</authorId><id>75</id><name>All Quiet on the Western Front</name><year>1929</year></book><book><authorId>294</authorId><id>76</id><name>Arch of Triumph</name><year>1945</year></book></books>','OK',24,NULL,NULL),(99,'',4,3,70,'Loads books for author 294 <PASS JSON>','Loads books for author with id=294','http://localhost:9080/test-service/authors/294/books','JSON',NULL,'HTTP/1.1 200 OK','2016-04-04 21:27:55',30,332,'[\n  {\n    \"id\": 74,\n    \"name\": \"Three Comrades\",\n    \"year\": 1937,\n    \"authorId\": 294\n  },\n  {\n    \"id\": 75,\n    \"name\": \"All Quiet on the Western Front\",\n    \"year\": 1929,\n    \"authorId\": 294\n  },\n  {\n    \"id\": 76,\n    \"name\": \"Arch of Triumph\",\n    \"year\": 1945,\n    \"authorId\": 294\n  }\n]','[{\"id\":74,\"name\":\"Three Comrades\",\"year\":1937,\"authorId\":294},{\"id\":75,\"name\":\"All Quiet on the Western Front\",\"year\":1929,\"authorId\":294},{\"id\":76,\"name\":\"Arch of Triumph\",\"year\":1945,\"authorId\":294}]','OK',25,NULL,NULL),(100,'',4,3,66,'Loads author 294 <PASS XML>','Loads author with id=294','http://localhost:9080/test-service/authors/294','XML',NULL,'HTTP/1.1 200 OK','2016-04-05 07:10:50',30,2379,'<?xml version=\"1.0\" encoding=\"UTF-8\"?><author>\r\n  <age>72</age>\r\n  <firstName>Erich Maria</firstName>\r\n  <id>294</id>\r\n  <lastName>Remarque</lastName>\r\n  <salary>0.0</salary>\r\n</author>\r\n',NULL,'OK',26,NULL,NULL),(101,'',4,3,66,'Loads author 294 <PASS XML>','Loads author with id=294','http://localhost:9080/test-service/authors/294','XML',NULL,'HTTP/1.1 200 OK','2016-04-05 07:13:50',30,208,'<?xml version=\"1.0\" encoding=\"UTF-8\"?><author>\r\n  <age>72</age>\r\n  <firstName>Erich Maria</firstName>\r\n  <id>294</id>\r\n  <lastName>Remarque</lastName>\r\n  <salary>0.0</salary>\r\n</author>\r\n',NULL,'OK',27,NULL,NULL),(102,'\0',4,3,49,'Loads authors <FAIL 403>','Loads all authors; FAIL Forbidden','http://localhost:9080/test-service/authors','JSON',NULL,'HTTP/1.1 403 Forbidden','2016-04-05 07:19:06',50,70,'[\n  {\n    \"id\": 294,\n    \"firstName\": \"Erich Maria\",\n    \"lastName\": \"Remarque\",\n    \"age\": 72,\n    \"salary\": 0.0\n  },\n  {\n    \"id\": 295,\n    \"firstName\": \"Taras\",\n    \"lastName\": \"Shevchenko\",\n    \"age\": 47,\n    \"salary\": 0.0\n  }\n]',NULL,'Forbidden',28,NULL,NULL),(103,'',4,3,65,'Loads authors <FAIL don\'t match resp JSON>','Loads all authorsFAIL response doesn\'t match','http://localhost:9080/test-service/authors','JSON',NULL,'HTTP/1.1 200 OK','2016-04-05 07:19:55',30,334,'[\n  {\n    \"id\": 294,\n    \"firstName\": \"Erich Maria\",\n    \"lastName\": \"Remarque\",\n    \"age\": 72,\n    \"salary\": 0.0\n  }\n]',NULL,'OK',29,NULL,NULL),(104,'',4,3,66,'Loads author 294 <PASS XML>','Loads author with id=294','http://localhost:9080/test-service/authors/294','XML',NULL,'HTTP/1.1 200 OK','2016-04-05 07:20:59',30,90,'<?xml version=\"1.0\" encoding=\"UTF-8\"?><author>\r\n  <age>72</age>\r\n  <firstName>Erich Maria</firstName>\r\n  <id>294</id>\r\n  <lastName>Remarque</lastName>\r\n  <salary>0.0</salary>\r\n</author>\r\n',NULL,'OK',30,NULL,NULL),(105,'\0',4,3,49,'Loads authors <FAIL 403>','Loads all authors; FAIL Forbidden','http://localhost:9080/test-service/authors','JSON',NULL,'HTTP/1.1 403 Forbidden','2016-04-05 07:29:14',50,131,'[\n  {\n    \"id\": 294,\n    \"firstName\": \"Erich Maria\",\n    \"lastName\": \"Remarque\",\n    \"age\": 72,\n    \"salary\": 0.0\n  },\n  {\n    \"id\": 295,\n    \"firstName\": \"Taras\",\n    \"lastName\": \"Shevchenko\",\n    \"age\": 47,\n    \"salary\": 0.0\n  }\n]',NULL,'Forbidden',31,NULL,NULL),(106,'\0',4,3,75,'Creates author <FAIL NOT LOG; JSON>','Creates new author','http://localhost:9080/test-service/authors?logging=false','JSON','{\n  \"firstName\": \"Lesya\",\n  \"lastName\": \"UkrainkaXs8Nt5bLT1n0cMsj\",\n  \"age\": 29,\n  \"salary\": 0.0\n}','HTTP/1.1 500 Internal Server Error','2016-04-05 07:30:48',30,64,'{\n  \"id\": \"STUB_VALUE\",\n  \"firstName\": \"Lesya\",\n  \"lastName\": \"UkrainkaXs8Nt5bLT1n0cMsj\",\n  \"age\": 29,\n  \"salary\": 0.0\n}',NULL,'Internal Server Error',32,NULL,NULL),(107,'\0',4,3,75,'Creates author <FAIL NOT LOG; JSON>','Creates new author','http://localhost:9080/test-service/authors?logging=false','JSON','{\n  \"firstName\": \"Lesya\",\n  \"lastName\": \"UkrainkaHhtJx9IOsWM5ilfD\",\n  \"age\": 29,\n  \"salary\": 0.0\n}','HTTP/1.1 500 Internal Server Error','2016-04-05 07:33:37',30,80,'{\n  \"id\": \"STUB_VALUE\",\n  \"firstName\": \"Lesya\",\n  \"lastName\": \"UkrainkaHhtJx9IOsWM5ilfD\",\n  \"age\": 29,\n  \"salary\": 0.0\n}',NULL,'Internal Server Error',33,NULL,NULL),(108,'\0',4,3,71,'Loads books for author 294 <PASS XML>','Loads books for author with id=294','http://localhost:9080/test-service/authors/294/books','XML',NULL,'HTTP/1.1 200 OK','2016-04-06 00:06:29',30,1519,'<?xml version=\"1.0\" encoding=\"UTF-8\"?><books>\r\n  <book>\r\n    <authorId>294</authorId>\r\n    <id>74</id>\r\n    <name>Three Comrades</name>\r\n    <year>1937</year>\r\n  </book>\r\n  <book>\r\n    <authorId>294</authorId>\r\n    <id>75</id>\r\n    <name>All Quiet on the Western Front</name>\r\n    <year>1929</year>\r\n  </book>\r\n  <book>\r\n    <authorId>294</authorId>\r\n    <id>76</id>\r\n    <name>Arch of Triumph</name>\r\n    <year>1945</year>\r\n  </book>\r\n</books>\r\n','<?xml version=\"1.0\" encoding=\"UTF-8\" standalone=\"yes\"?><books><book><authorId>294</authorId><id>74</id><name>Three Comrades</name><year>1937</year></book><book><authorId>294</authorId><id>75</id><name>All Quiet on the Western Front</name><year>1929</year></book><book><authorId>294</authorId><id>76</id><name>Arch of Triumph</name><year>1945</year></book></books>','OK',34,NULL,NULL),(116,'\0',4,3,66,'Loads author 294 <PASS XML>','Loads author with id=294','http://localhost:9080/test-service/authors/294','XML',NULL,'HTTP/1.1 401 Unauthorized','2016-04-06 13:41:31',30,3007,'<?xml version=\"1.0\" encoding=\"UTF-8\"?><author>\r\n  <age>72</age>\r\n  <firstName>Erich Maria</firstName>\r\n  <id>294</id>\r\n  <lastName>Remarque</lastName>\r\n  <salary>0.0</salary>\r\n</author>\r\n',NULL,'Unauthorized',56,NULL,NULL),(118,'',4,3,66,'Loads author 294 <PASS XML>','Loads author with id=294','http://localhost:9080/test-service/authors/294','XML',NULL,'HTTP/1.1 200 OK','2016-04-06 13:55:30',30,3961,'<?xml version=\"1.0\" encoding=\"UTF-8\"?><author>\r\n  <age>72</age>\r\n  <firstName>Erich Maria</firstName>\r\n  <id>294</id>\r\n  <lastName>Remarque</lastName>\r\n  <salary>0.0</salary>\r\n</author>\r\n','<?xml version=\"1.0\" encoding=\"UTF-8\" standalone=\"yes\"?><author><age>72</age><firstName>Erich Maria</firstName><id>294</id><lastName>Remarque</lastName><salary>0.0</salary></author>','OK',57,NULL,NULL),(119,'\0',4,3,67,'Loads author 294 <PASS JSON>','Loads author with id=294','http://localhost:9080/test-service/authors/294','JSON',NULL,'HTTP/1.1 200 OK','2016-04-06 21:40:53',30,2022,'{\n  \"id\": 294,\n  \"firstName\": \"Erich Maria\",\n  \"lastName\": \"Remarque\",\n  \"age\": 72,\n  \"salary\": 0.0\n}','{\n  \"id\": 294,\n  \"firstName\": \"Erich Maria\",\n  \"lastName\": \"Remarque\",\n  \"age\": 72,\n  \"salary\": 0.0\n}','OK',58,NULL,NULL),(120,'',4,3,67,'Loads author 294 <PASS JSON>','Loads author with id=294','http://localhost:9080/test-service/authors/294','JSON',NULL,'HTTP/1.1 200 OK','2016-04-06 21:43:47',250,104,'{\n  \"id\": 294,\n  \"firstName\": \"Erich Maria\",\n  \"lastName\": \"Remarque\",\n  \"age\": 72,\n  \"salary\": 0.0\n}','{\n  \"id\": 294,\n  \"firstName\": \"Erich Maria\",\n  \"lastName\": \"Remarque\",\n  \"age\": 72,\n  \"salary\": 0.0\n}','OK',59,NULL,NULL),(148,'\0',4,3,75,'Creates author <FAIL NOT LOG; JSON>','Creates new author','http://localhost:9080/test-service/authors?logging=false','JSON','{\n  \"firstName\": \"Lesya\",\n  \"lastName\": \"UkrainkaVnEiTvsiEsK7QS5E\",\n  \"age\": 29,\n  \"salary\": 0.0\n}','HTTP/1.1 500 Internal Server Error','2016-04-06 23:39:10',30,47,'{\n  \"id\": \"STUB_VALUE\",\n  \"firstName\": \"Lesya\",\n  \"lastName\": \"UkrainkaVnEiTvsiEsK7QS5E\",\n  \"age\": 29,\n  \"salary\": 0.0\n}',NULL,'Internal Server Error',64,NULL,NULL),(151,'\0',4,3,67,'Loads author 294 <PASS JSON>','Loads author with id=294','http://localhost:9080/test-service/authors/294','JSON',NULL,'HTTP/1.1 200 OK','2016-04-07 08:20:52',350,2251,'{\n  \"id\": 294,\n  \"firstName\": \"Erich Maria\",\n  \"lastName\": \"Remarque\",\n  \"age\": 72,\n  \"salary\": 0.0\n}','{\n  \"id\": 294,\n  \"firstName\": \"Erich Maria\",\n  \"lastName\": \"Remarque\",\n  \"age\": 72,\n  \"salary\": 0.0\n}','OK',66,NULL,NULL),(152,'',4,3,67,'Loads author 294 <PASS JSON>','Loads author with id=294','http://localhost:9080/test-service/authors/294','JSON',NULL,'HTTP/1.1 200 OK','2016-04-07 08:21:30',350,100,'{\n  \"id\": 294,\n  \"firstName\": \"Erich Maria\",\n  \"lastName\": \"Remarque\",\n  \"age\": 72,\n  \"salary\": 0.0\n}','{\n  \"id\": 294,\n  \"firstName\": \"Erich Maria\",\n  \"lastName\": \"Remarque\",\n  \"age\": 72,\n  \"salary\": 0.0\n}','OK',67,NULL,NULL),(158,'\0',4,3,47,'Loads author 294 <FAIL timeout>','Loads author with id=294; FAIL timeout','http://localhost:9080/test-service/authors/294?delay=15','JSON',NULL,'HTTP/1.1 200 OK','2016-04-07 10:34:42',10,25017,'{\n  \"id\": 294,\n  \"firstName\": \"Erich Maria\",\n  \"lastName\": \"Remarque\",\n  \"age\": 72,\n  \"salary\": 0.0\n}','{\n  \"id\": 294,\n  \"firstName\": \"Erich Maria\",\n  \"lastName\": \"Remarque\",\n  \"age\": 72,\n  \"salary\": 0.0\n}','OK',68,NULL,NULL),(182,'',4,3,66,'Loads author 294 <PASS XML>','Loads author with id=294','http://localhost:9080/test-service/authors/294/books','XML',NULL,'HTTP/1.1 200 OK','2016-04-07 12:55:56',350,90,'<?xml version=\"1.0\" encoding=\"UTF-8\"?><author>\r\n  <age>72</age>\r\n  <firstName>Erich Maria</firstName>\r\n  <id>294</id>\r\n  <lastName>Remarque</lastName>\r\n  <salary>0.0</salary>\r\n</author>\r\n','<?xml version=\"1.0\" encoding=\"UTF-8\"?><author>\r\n  <age>72</age>\r\n  <firstName>Erich Maria</firstName>\r\n  <id>294</id>\r\n  <lastName>Remarque</lastName>\r\n  <salary>0.0</salary>\r\n</author>\r\n','OK',75,37,NULL),(183,'',4,3,67,'Loads author 294 <PASS JSON>','Loads author with id=294','http://localhost:9080/test-service/authors/294/books','JSON',NULL,'HTTP/1.1 200 OK','2016-04-07 12:55:57',350,47,'{\n  \"id\": 294,\n  \"firstName\": \"Erich Maria\",\n  \"lastName\": \"Remarque\",\n  \"age\": 72,\n  \"salary\": 0.0\n}','{\n  \"id\": 294,\n  \"firstName\": \"Erich Maria\",\n  \"lastName\": \"Remarque\",\n  \"age\": 72,\n  \"salary\": 0.0\n}','OK',75,37,NULL),(184,'\0',4,3,70,'Loads books for author 294 <PASS JSON>','Loads books for author with id=294','http://localhost:9080/test-service/authors/294/books','JSON',NULL,'HTTP/1.1 200 OK','2016-04-07 12:55:59',30,102,'[\n  {\n    \"id\": 74,\n    \"name\": \"Three Comrades\",\n    \"year\": 1937,\n    \"authorId\": 294\n  },\n  {\n    \"id\": 75,\n    \"name\": \"All Quiet on the Western Front\",\n    \"year\": 1929,\n    \"authorId\": 294\n  },\n  {\n    \"id\": 76,\n    \"name\": \"Arch of Triumph\",\n    \"year\": 1945,\n    \"authorId\": 294\n  }\n]','[\n  {\n    \"id\": 74,\n    \"name\": \"Three Comrades\",\n    \"year\": 1937,\n    \"authorId\": 294\n  },\n  {\n    \"id\": 75,\n    \"name\": \"All Quiet on the Western Front\",\n    \"year\": 1929,\n    \"authorId\": 294\n  },\n  {\n    \"id\": 76,\n    \"name\": \"Arch of Triumph\",\n    \"year\": 1945,\n    \"authorId\": 294\n  }\n]','OK',75,37,NULL),(185,'',4,3,66,'Loads author 294 <PASS XML>','Loads author with id=294','http://localhost:9080/test-service/authors/294/books','XML',NULL,'HTTP/1.1 200 OK','2016-04-07 12:56:22',350,59,'<?xml version=\"1.0\" encoding=\"UTF-8\"?><author>\r\n  <age>72</age>\r\n  <firstName>Erich Maria</firstName>\r\n  <id>294</id>\r\n  <lastName>Remarque</lastName>\r\n  <salary>0.0</salary>\r\n</author>\r\n','<?xml version=\"1.0\" encoding=\"UTF-8\"?><author>\r\n  <age>72</age>\r\n  <firstName>Erich Maria</firstName>\r\n  <id>294</id>\r\n  <lastName>Remarque</lastName>\r\n  <salary>0.0</salary>\r\n</author>\r\n','OK',76,37,1),(186,'',4,3,67,'Loads author 294 <PASS JSON>','Loads author with id=294','http://localhost:9080/test-service/authors/294/books','JSON',NULL,'HTTP/1.1 200 OK','2016-04-07 12:56:24',350,45,'{\n  \"id\": 294,\n  \"firstName\": \"Erich Maria\",\n  \"lastName\": \"Remarque\",\n  \"age\": 72,\n  \"salary\": 0.0\n}','{\n  \"id\": 294,\n  \"firstName\": \"Erich Maria\",\n  \"lastName\": \"Remarque\",\n  \"age\": 72,\n  \"salary\": 0.0\n}','OK',76,37,1),(187,'\0',4,3,70,'Loads books for author 294 <PASS JSON>','Loads books for author with id=294','http://localhost:9080/test-service/authors/294/books','JSON',NULL,'HTTP/1.1 200 OK','2016-04-07 12:56:26',30,50,'[\n  {\n    \"id\": 74,\n    \"name\": \"Three Comrades\",\n    \"year\": 1937,\n    \"authorId\": 294\n  },\n  {\n    \"id\": 75,\n    \"name\": \"All Quiet on the Western Front\",\n    \"year\": 1929,\n    \"authorId\": 294\n  },\n  {\n    \"id\": 76,\n    \"name\": \"Arch of Triumph\",\n    \"year\": 1945,\n    \"authorId\": 294\n  }\n]','[\n  {\n    \"id\": 74,\n    \"name\": \"Three Comrades\",\n    \"year\": 1937,\n    \"authorId\": 294\n  },\n  {\n    \"id\": 75,\n    \"name\": \"All Quiet on the Western Front\",\n    \"year\": 1929,\n    \"authorId\": 294\n  },\n  {\n    \"id\": 76,\n    \"name\": \"Arch of Triumph\",\n    \"year\": 1945,\n    \"authorId\": 294\n  }\n]','OK',76,37,1),(202,'\0',4,3,71,'Loads books for author 294 <PASS XML>','Loads books for author with id=294','http://localhost:9080/test-service/authors/295/books','XML',NULL,'HTTP/1.1 200 OK','2016-04-07 17:56:53',30,2153,'<?xml version=\"1.0\" encoding=\"UTF-8\"?><books>\r\n  <book>\r\n    <authorId>294</authorId>\r\n    <id>74</id>\r\n    <name>Three Comrades</name>\r\n    <year>1937</year>\r\n  </book>\r\n  <book>\r\n    <authorId>294</authorId>\r\n    <id>75</id>\r\n    <name>All Quiet on the Western Front</name>\r\n    <year>1929</year>\r\n  </book>\r\n  <book>\r\n    <authorId>294</authorId>\r\n    <id>76</id>\r\n    <name>Arch of Triumph</name>\r\n    <year>1945</year>\r\n  </book>\r\n</books>\r\n','<?xml version=\"1.0\" encoding=\"UTF-8\"?><books>\r\n  <book>\r\n    <authorId>294</authorId>\r\n    <id>74</id>\r\n    <name>Three Comrades</name>\r\n    <year>1937</year>\r\n  </book>\r\n  <book>\r\n    <authorId>294</authorId>\r\n    <id>75</id>\r\n    <name>All Quiet on the Western Front</name>\r\n    <year>1929</year>\r\n  </book>\r\n  <book>\r\n    <authorId>294</authorId>\r\n    <id>76</id>\r\n    <name>Arch of Triumph</name>\r\n    <year>1945</year>\r\n  </book>\r\n</books>\r\n','Response time exceeded timeout value',77,1,NULL),(203,'\0',4,3,73,'Loads books for author 295 <PASS JSON>','Loads books for author with id=295','http://localhost:9080/test-service/authors/295/books','JSON',NULL,'HTTP/1.1 200 OK','2016-04-07 17:56:55',30,649,'[\n  {\n    \"id\": 77,\n    \"name\": \"Poplar\",\n    \"year\": 1839,\n    \"authorId\": 295\n  },\n  {\n    \"id\": 78,\n    \"name\": \"Kate\",\n    \"year\": 1839,\n    \"authorId\": 295\n  },\n  {\n    \"id\": 80,\n    \"name\": \"Kobzar\",\n    \"year\": 1840,\n    \"authorId\": 295\n  },\n  {\n    \"id\": 81,\n    \"name\": \"Ivan Pidkova\",\n    \"year\": 1839,\n    \"authorId\": 295\n  }\n]','[\n  {\n    \"id\": 77,\n    \"name\": \"Poplar\",\n    \"year\": 1839,\n    \"authorId\": 295\n  },\n  {\n    \"id\": 78,\n    \"name\": \"Kate\",\n    \"year\": 1839,\n    \"authorId\": 295\n  },\n  {\n    \"id\": 80,\n    \"name\": \"Kobzar\",\n    \"year\": 1840,\n    \"authorId\": 295\n  },\n  {\n    \"id\": 81,\n    \"name\": \"Ivan Pidkova\",\n    \"year\": 1839,\n    \"authorId\": 295\n  }\n]','Response time exceeded timeout value',77,1,NULL),(204,'\0',4,3,48,'Loads authors <FAIL 401>','Loads all authors; FAIL UNAUTHORIZED','http://localhost:9080/test-service/authors/294','JSON',NULL,'HTTP/1.1 401 Unauthorized','2016-04-07 18:40:44',50,99,'[\n  {\n    \"id\": 294,\n    \"firstName\": \"Erich Maria\",\n    \"lastName\": \"Remarque\",\n    \"age\": 72,\n    \"salary\": 0.0\n  },\n  {\n    \"id\": 295,\n    \"firstName\": \"Taras\",\n    \"lastName\": \"Shevchenko\",\n    \"age\": 47,\n    \"salary\": 0.0\n  }\n]',NULL,'Response time exceeded timeout value',78,15,NULL),(205,'\0',4,3,49,'Loads authors <FAIL 403>','Loads all authors; FAIL Forbidden','http://localhost:9080/test-service/authors/294','JSON',NULL,'HTTP/1.1 401 Unauthorized','2016-04-07 18:40:45',50,800,'[\n  {\n    \"id\": 294,\n    \"firstName\": \"Erich Maria\",\n    \"lastName\": \"Remarque\",\n    \"age\": 72,\n    \"salary\": 0.0\n  },\n  {\n    \"id\": 295,\n    \"firstName\": \"Taras\",\n    \"lastName\": \"Shevchenko\",\n    \"age\": 47,\n    \"salary\": 0.0\n  }\n]',NULL,'Response time exceeded timeout value',78,15,NULL),(206,'',4,3,67,'Loads author 294 <PASS JSON>','Loads author with id=294','http://localhost:9080/test-service/authors/294','JSON',NULL,'HTTP/1.1 200 OK','2016-04-07 18:40:48',350,156,'{\n  \"id\": 294,\n  \"firstName\": \"Erich Maria\",\n  \"lastName\": \"Remarque\",\n  \"age\": 72,\n  \"salary\": 0.0\n}','{\n  \"id\": 294,\n  \"firstName\": \"Erich Maria\",\n  \"lastName\": \"Remarque\",\n  \"age\": 72,\n  \"salary\": 0.0\n}','OK',78,15,NULL),(207,'\0',4,3,75,'Creates author <FAIL NOT LOG; JSON>','Creates new author','http://localhost:9080/test-service/authors?logging=false','JSON','{\n  \"firstName\": \"Lesya\",\n  \"lastName\": \"UkrainkamSYwph7JXw84B6b7\",\n  \"age\": 29,\n  \"salary\": 0.0\n}','HTTP/1.1 500 Internal Server Error','2016-04-07 18:40:49',30,36,'{\n  \"id\": \"STUB_VALUE\",\n  \"firstName\": \"Lesya\",\n  \"lastName\": \"UkrainkamSYwph7JXw84B6b7\",\n  \"age\": 29,\n  \"salary\": 0.0\n}',NULL,'Response time exceeded timeout value',78,15,NULL),(208,'\0',4,3,48,'Loads authors <FAIL 401>','Loads all authors; FAIL UNAUTHORIZED','http://localhost:9080/test-service/authors/294','JSON',NULL,'HTTP/1.1 401 Unauthorized','2016-04-08 07:42:34',50,108,'[\n  {\n    \"id\": 294,\n    \"firstName\": \"Erich Maria\",\n    \"lastName\": \"Remarque\",\n    \"age\": 72,\n    \"salary\": 0.0\n  },\n  {\n    \"id\": 295,\n    \"firstName\": \"Taras\",\n    \"lastName\": \"Shevchenko\",\n    \"age\": 47,\n    \"salary\": 0.0\n  }\n]',NULL,'nullActual response does not match the expected oneResponse time exceeded timeout value',79,15,NULL),(209,'\0',4,3,49,'Loads authors <FAIL 403>','Loads all authors; FAIL Forbidden','http://localhost:9080/test-service/authors/294','JSON',NULL,'HTTP/1.1 403 Forbidden','2016-04-08 07:42:35',50,6629,'[\n  {\n    \"id\": 294,\n    \"firstName\": \"Erich Maria\",\n    \"lastName\": \"Remarque\",\n    \"age\": 72,\n    \"salary\": 0.0\n  },\n  {\n    \"id\": 295,\n    \"firstName\": \"Taras\",\n    \"lastName\": \"Shevchenko\",\n    \"age\": 47,\n    \"salary\": 0.0\n  }\n]',NULL,'nullActual response does not match the expected oneResponse time exceeded timeout value',79,15,NULL),(210,'\0',4,3,67,'Loads author 294 <PASS JSON>','Loads author with id=294','http://localhost:9080/test-service/authors/294','JSON',NULL,'HTTP/1.1 200 OK','2016-04-08 07:42:36',350,730,'{\n  \"id\": 294,\n  \"firstName\": \"Erich Maria\",\n  \"lastName\": \"Remarque\",\n  \"age\": 72,\n  \"salary\": 0.0\n}','{\n  \"id\": 294,\n  \"firstName\": \"Erich Maria\",\n  \"lastName\": \"Remarque\",\n  \"age\": 72,\n  \"salary\": 0.0\n}','nullResponse time exceeded timeout value',79,15,NULL),(211,'\0',4,3,75,'Creates author <FAIL NOT LOG; JSON>','Creates new author','http://localhost:9080/test-service/authors?logging=false','JSON','{\n  \"firstName\": \"Lesya\",\n  \"lastName\": \"UkrainkauclJpHbHjDqPDirS\",\n  \"age\": 29,\n  \"salary\": 0.0\n}','HTTP/1.1 500 Internal Server Error','2016-04-08 07:42:38',30,57,'{\n  \"id\": \"STUB_VALUE\",\n  \"firstName\": \"Lesya\",\n  \"lastName\": \"UkrainkauclJpHbHjDqPDirS\",\n  \"age\": 29,\n  \"salary\": 0.0\n}',NULL,'nullResponse time exceeded timeout value',79,15,NULL),(212,'\0',4,3,67,'Loads author 294 <PASS JSON>','Loads author with id=294','http://localhost:9080/test-service/authors/294','JSON',NULL,'HTTP/1.1 200 OK','2016-04-08 22:24:37',350,1884,'{\n  \"id\": 294,\n  \"firstName\": \"Erich Maria\",\n  \"lastName\": \"Remarque\",\n  \"age\": 72,\n  \"salary\": 0.0\n}','{\n  \"id\": 294,\n  \"firstName\": \"Erich Maria\",\n  \"lastName\": \"Remarque\",\n  \"age\": 72,\n  \"salary\": 0.0\n}','Unsupported request method; Response time exceeded timeout value; ',80,NULL,NULL),(213,'\0',4,3,67,'Loads author 294 <PASS JSON>','Loads author with id=294','http://localhost:9080/test-service/authors/294','JSON',NULL,'HTTP/1.1 200 OK','2016-04-08 22:25:53',350,97,'{\n  \"id\": 294,\n  \"firstName\": \"Erich Maria\",\n  \"lastName\": \"Remarque\",\n  \"age\": 72,\n  \"salary\": 0.0\n}','{\n  \"id\": 294,\n  \"firstName\": \"Erich Maria\",\n  \"lastName\": \"Remarque\",\n  \"age\": 72,\n  \"salary\": 0.0\n}','Unsupported request method; ',81,NULL,NULL),(214,'\0',4,3,67,'Loads author 294 <PASS JSON>','Loads author with id=294','http://localhost:9080/test-service/authors/294','JSON',NULL,'HTTP/1.1 200 OK','2016-04-08 22:30:42',350,82,'{\n  \"id\": 294,\n  \"firstName\": \"Erich Maria\",\n  \"lastName\": \"Remarque\",\n  \"age\": 72,\n  \"salary\": 0.0\n}','{\n  \"id\": 294,\n  \"firstName\": \"Erich Maria\",\n  \"lastName\": \"Remarque\",\n  \"age\": 72,\n  \"salary\": 0.0\n}','Unsupported request method; ',82,NULL,NULL),(215,'\0',4,3,66,'Loads author 294 <PASS XML>','Loads author with id=294','http://localhost:9080/test-service/authors/294','XML',NULL,'HTTP/1.1 200 OK','2016-04-08 22:31:14',350,545,'<?xml version=\"1.0\" encoding=\"UTF-8\"?><author>\r\n  <age>72</age>\r\n  <firstName>Erich Maria</firstName>\r\n  <id>294</id>\r\n  <lastName>Remarque</lastName>\r\n  <salary>0.0</salary>\r\n</author>\r\n','<?xml version=\"1.0\" encoding=\"UTF-8\"?><author>\r\n  <age>72</age>\r\n  <firstName>Erich Maria</firstName>\r\n  <id>294</id>\r\n  <lastName>Remarque</lastName>\r\n  <salary>0.0</salary>\r\n</author>\r\n','Unsupported request method; Response time exceeded timeout value; ',83,NULL,NULL),(216,'\0',4,3,66,'Loads author 294 <PASS XML>','Loads author with id=294','http://localhost:9080/test-service/authors/294','XML',NULL,'HTTP/1.1 200 OK','2016-04-08 22:31:42',350,88,'<?xml version=\"1.0\" encoding=\"UTF-8\"?><author>\r\n  <age>72</age>\r\n  <firstName>Erich Maria</firstName>\r\n  <id>294</id>\r\n  <lastName>Remarque</lastName>\r\n  <salary>0.0</salary>\r\n</author>\r\n','<?xml version=\"1.0\" encoding=\"UTF-8\"?><author>\r\n  <age>72</age>\r\n  <firstName>Erich Maria</firstName>\r\n  <id>294</id>\r\n  <lastName>Remarque</lastName>\r\n  <salary>0.0</salary>\r\n</author>\r\n','Unsupported request method; ',84,NULL,NULL),(217,'\0',4,3,67,'Loads author 294 <PASS JSON>','Loads author with id=294','http://localhost:9080/test-service/authors/294','JSON',NULL,'HTTP/1.1 200 OK','2016-04-08 22:31:59',350,53,'{\n  \"id\": 294,\n  \"firstName\": \"Erich Maria\",\n  \"lastName\": \"Remarque\",\n  \"age\": 72,\n  \"salary\": 0.0\n}','{\n  \"id\": 294,\n  \"firstName\": \"Erich Maria\",\n  \"lastName\": \"Remarque\",\n  \"age\": 72,\n  \"salary\": 0.0\n}','Unsupported request method; ',85,NULL,NULL),(218,'\0',4,3,70,'Loads books for author 294 <PASS JSON>','Loads books for author with id=294','http://localhost:9080/test-service/authors/294/books','JSON',NULL,'HTTP/1.1 200 OK','2016-04-08 22:32:34',30,93,'[\n  {\n    \"id\": 74,\n    \"name\": \"Three Comrades\",\n    \"year\": 1937,\n    \"authorId\": 294\n  },\n  {\n    \"id\": 75,\n    \"name\": \"All Quiet on the Western Front\",\n    \"year\": 1929,\n    \"authorId\": 294\n  },\n  {\n    \"id\": 76,\n    \"name\": \"Arch of Triumph\",\n    \"year\": 1945,\n    \"authorId\": 294\n  }\n]','[\n  {\n    \"id\": 74,\n    \"name\": \"Three Comrades\",\n    \"year\": 1937,\n    \"authorId\": 294\n  },\n  {\n    \"id\": 75,\n    \"name\": \"All Quiet on the Western Front\",\n    \"year\": 1929,\n    \"authorId\": 294\n  },\n  {\n    \"id\": 76,\n    \"name\": \"Arch of Triumph\",\n    \"year\": 1945,\n    \"authorId\": 294\n  }\n]','Unsupported request method; Response time exceeded timeout value; ',86,NULL,NULL),(219,'\0',4,3,67,'Loads author 294 <PASS JSON>','Loads author with id=294','http://localhost:9080/test-service/authors/294','JSON',NULL,'HTTP/1.1 200 OK','2016-04-08 22:36:51',350,166,'{\n  \"id\": 294,\n  \"firstName\": \"Erich Maria\",\n  \"lastName\": \"Remarque\",\n  \"age\": 72,\n  \"salary\": 0.0\n}','{\n  \"id\": 294,\n  \"firstName\": \"Erich Maria\",\n  \"lastName\": \"Remarque\",\n  \"age\": 72,\n  \"salary\": 0.0\n}','Unsupported request method; ',87,NULL,NULL),(220,'\0',4,3,66,'Loads author 294 <PASS XML>','Loads author with id=294','http://localhost:9080/test-service/authors/294','XML',NULL,'HTTP/1.1 200 OK','2016-04-09 17:42:25',350,3394,'<?xml version=\"1.0\" encoding=\"UTF-8\"?><author>\r\n  <age>72</age>\r\n  <firstName>Erich Maria</firstName>\r\n  <id>294</id>\r\n  <lastName>Remarque</lastName>\r\n  <salary>0.0</salary>\r\n</author>\r\n','<?xml version=\"1.0\" encoding=\"UTF-8\"?><author>\r\n  <age>72</age>\r\n  <firstName>Erich Maria</firstName>\r\n  <id>294</id>\r\n  <lastName>Remarque</lastName>\r\n  <salary>0.0</salary>\r\n</author>\r\n','Unsupported request method; Response time exceeded timeout value; ',88,NULL,NULL),(221,'\0',4,3,67,'Loads author 294 <PASS JSON>','Loads author with id=294','http://localhost:9080/test-service/authors/294','JSON',NULL,'HTTP/1.1 200 OK','2016-04-09 17:43:08',350,493,'{\n  \"id\": 294,\n  \"firstName\": \"Erich Maria\",\n  \"lastName\": \"Remarque\",\n  \"age\": 72,\n  \"salary\": 0.0\n}','{\n  \"id\": 294,\n  \"firstName\": \"Erich Maria\",\n  \"lastName\": \"Remarque\",\n  \"age\": 72,\n  \"salary\": 0.0\n}','Unsupported request method; Response time exceeded timeout value; ',89,NULL,NULL),(222,'\0',4,3,72,'Loads books for author 294 <PASS XML5','Loads books for author with id=295','http://localhost:9080/test-service/authors/295/books','XML',NULL,'HTTP/1.1 200 OK','2016-04-09 17:43:45',30,248,'<?xml version=\"1.0\" encoding=\"UTF-8\"?><books>\r\n  <book>\r\n    <authorId>295</authorId>\r\n    <id>77</id>\r\n    <name>Poplar</name>\r\n    <year>1839</year>\r\n  </book>\r\n  <book>\r\n    <authorId>295</authorId>\r\n    <id>78</id>\r\n    <name>Kate</name>\r\n    <year>1839</year>\r\n  </book>\r\n  <book>\r\n    <authorId>295</authorId>\r\n    <id>80</id>\r\n    <name>Kobzar</name>\r\n    <year>1840</year>\r\n  </book>\r\n  <book>\r\n    <authorId>295</authorId>\r\n    <id>81</id>\r\n    <name>Ivan Pidkova</name>\r\n    <year>1839</year>\r\n  </book>\r\n</books>\r\n','<?xml version=\"1.0\" encoding=\"UTF-8\"?><books>\r\n  <book>\r\n    <authorId>295</authorId>\r\n    <id>77</id>\r\n    <name>Poplar</name>\r\n    <year>1839</year>\r\n  </book>\r\n  <book>\r\n    <authorId>295</authorId>\r\n    <id>78</id>\r\n    <name>Kate</name>\r\n    <year>1839</year>\r\n  </book>\r\n  <book>\r\n    <authorId>295</authorId>\r\n    <id>80</id>\r\n    <name>Kobzar</name>\r\n    <year>1840</year>\r\n  </book>\r\n  <book>\r\n    <authorId>295</authorId>\r\n    <id>81</id>\r\n    <name>Ivan Pidkova</name>\r\n    <year>1839</year>\r\n  </book>\r\n</books>\r\n','Unsupported request method; Response time exceeded timeout value; ',90,NULL,NULL),(223,'\0',4,3,65,'Loads authors <FAIL don\'t match resp JSON>','Loads all authorsFAIL response doesn\'t match','http://localhost:9080/test-service/authors','JSON',NULL,'HTTP/1.1 200 OK','2016-04-09 17:48:24',30,212,'[\n  {\n    \"id\": 294,\n    \"firstName\": \"Erich Maria\",\n    \"lastName\": \"Remarque\",\n    \"age\": 72,\n    \"salary\": 0.0\n  }\n]','[\n  {\n    \"id\": 294,\n    \"firstName\": \"Erich Maria\",\n    \"lastName\": \"Remarque\",\n    \"age\": 72,\n    \"salary\": 0.0\n  },\n  {\n    \"id\": 295,\n    \"firstName\": \"Taras\",\n    \"lastName\": \"Shevchenko\",\n    \"age\": 47,\n    \"salary\": 0.0\n  },\n  {\n    \"id\": 432,\n    \"firstName\": \"asdasd\",\n    \"lastName\": \"sdfsf\",\n    \"age\": 47,\n    \"salary\": 0.0\n  },\n  {\n    \"id\": 433,\n    \"firstName\": \"dsfdsfErich Maria\",\n    \"lastName\": \"sfsfRemarque\",\n    \"age\": 73332,\n    \"salary\": 1110.0\n  },\n  {\n    \"id\": 434,\n    \"firstName\": \"asdasd\",\n    \"lastName\": \"sdfsf\",\n    \"age\": 47,\n    \"salary\": 0.0\n  },\n  {\n    \"id\": 435,\n    \"firstName\": \"asdasd\",\n    \"lastName\": \"sdfsf\",\n    \"age\": 47,\n    \"salary\": 0.0\n  },\n  {\n    \"id\": 436,\n    \"firstName\": \"asdasd\",\n    \"lastName\": \"sdfsf\",\n    \"age\": 47,\n    \"salary\": 0.0\n  },\n  {\n    \"id\": 437,\n    \"firstName\": \"asdasd\",\n    \"lastName\": \"sdfsf\",\n    \"age\": 47,\n    \"salary\": 0.0\n  },\n  {\n    \"id\": 438,\n    \"firstName\": \"asdasd\",\n    \"lastName\": \"sdfsf\",\n    \"age\": 47,\n    \"salary\": 0.0\n  },\n  {\n    \"id\": 439,\n    \"firstName\": \"asdasd\",\n    \"lastName\": \"sdfsf\",\n    \"age\": 47,\n    \"salary\": 0.0\n  },\n  {\n    \"id\": 440,\n    \"firstName\": \"asdasd\",\n    \"lastName\": \"sdfsf\",\n    \"age\": 47,\n    \"salary\": 0.0\n  },\n  {\n    \"id\": 441,\n    \"firstName\": \"Lesya\",\n    \"lastName\": \"UkrainkaSSwqt\",\n    \"age\": 29,\n    \"salary\": 0.0\n  },\n  {\n    \"id\": 442,\n    \"firstName\": \"Lesya\",\n    \"lastName\": \"UkrainkalCely\",\n    \"age\": 29,\n    \"salary\": 0.0\n  },\n  {\n    \"id\": 443,\n    \"firstName\": \"Lesya\",\n    \"lastName\": \"Ukrainka2Qytb\",\n    \"age\": 29,\n    \"salary\": 0.0\n  },\n  {\n    \"id\": 444,\n    \"firstName\": \"Lesya\",\n    \"lastName\": \"Ukrainka31533.34\",\n    \"age\": 29,\n    \"salary\": 0.0\n  },\n  {\n    \"id\": 445,\n    \"firstName\": \"Lesya\",\n    \"lastName\": \"Ukrainka36618.26\",\n    \"age\": 29,\n    \"salary\": 0.0\n  },\n  {\n    \"id\": 446,\n    \"firstName\": \"Lesya\",\n    \"lastName\": \"Ukrainka61701.24\",\n    \"age\": 29,\n    \"salary\": 0.0\n  },\n  {\n    \"id\": 447,\n    \"firstName\": \"Lesya\",\n    \"lastName\": \"Ukrainka1WKsB\",\n    \"age\": 29,\n    \"salary\": 0.0\n  },\n  {\n    \"id\": 448,\n    \"firstName\": \"Lesya\",\n    \"lastName\": \"UkrainkaDHqdD\",\n    \"age\": 29,\n    \"salary\": 0.0\n  },\n  {\n    \"id\": 449,\n    \"firstName\": \"Lesya\",\n    \"lastName\": \"Ukrainka11542.84\",\n    \"age\": 29,\n    \"salary\": 0.0\n  },\n  {\n    \"id\": 450,\n    \"firstName\": \"Lesya\",\n    \"lastName\": \"Ukrainka14321.44\",\n    \"age\": 29,\n    \"salary\": 0.0\n  },\n  {\n    \"id\": 451,\n    \"firstName\": \"Lesya\",\n    \"lastName\": \"UkrainkaCCfbe\",\n    \"age\": 29,\n    \"salary\": 0.0\n  },\n  {\n    \"id\": 452,\n    \"firstName\": \"Lesya\",\n    \"lastName\": \"Ukrainka228Hx\",\n    \"age\": 29,\n    \"salary\": 0.0\n  },\n  {\n    \"id\": 453,\n    \"firstName\": \"Lesya\",\n    \"lastName\": \"Ukrainka21786.82\",\n    \"age\": 29,\n    \"salary\": 0.0\n  },\n  {\n    \"id\": 454,\n    \"firstName\": \"Lesya\",\n    \"lastName\": \"Ukrainka09080.74\",\n    \"age\": 29,\n    \"salary\": 0.0\n  },\n  {\n    \"id\": 455,\n    \"firstName\": \"Lesya\",\n    \"lastName\": \"Ukrainka71931.41\",\n    \"age\": 29,\n    \"salary\": 0.0\n  },\n  {\n    \"id\": 456,\n    \"firstName\": \"Lesya\",\n    \"lastName\": \"Ukrainka29848.68\",\n    \"age\": 29,\n    \"salary\": 0.0\n  },\n  {\n    \"id\": 457,\n    \"firstName\": \"Lesya\",\n    \"lastName\": \"Ukrainka29962.70\",\n    \"age\": 29,\n    \"salary\": 0.0\n  },\n  {\n    \"id\": 458,\n    \"firstName\": \"Lesya\",\n    \"lastName\": \"Ukrainka94908.78\",\n    \"age\": 29,\n    \"salary\": 0.0\n  },\n  {\n    \"id\": 459,\n    \"firstName\": \"Lesya\",\n    \"lastName\": \"Ukrainka16572.43\",\n    \"age\": 29,\n    \"salary\": 0.0\n  },\n  {\n    \"id\": 460,\n    \"firstName\": \"Lesya\",\n    \"lastName\": \"Ukrainka54966.52\",\n    \"age\": 29,\n    \"salary\": 0.0\n  },\n  {\n    \"id\": 461,\n    \"firstName\": \"Lesya\",\n    \"lastName\": \"Ukrainka98781.96\",\n    \"age\": 29,\n    \"salary\": 0.0\n  },\n  {\n    \"id\": 462,\n    \"firstName\": \"Lesya\",\n    \"lastName\": \"Ukrainka25626.61\",\n    \"age\": 29,\n    \"salary\": 0.0\n  },\n  {\n    \"id\": 463,\n    \"firstName\": \"Lesya\",\n    \"lastName\": \"Ukrainka41932.94\",\n    \"age\": 29,\n    \"salary\": 0.0\n  },\n  {\n    \"id\": 464,\n    \"firstName\": \"Lesya\",\n    \"lastName\": \"Ukrainka96482.94\",\n    \"age\": 29,\n    \"salary\": 0.0\n  },\n  {\n    \"id\": 465,\n    \"firstName\": \"Lesya\",\n    \"lastName\": \"Ukrainka49140.87\",\n    \"age\": 29,\n    \"salary\": 0.0\n  },\n  {\n    \"id\": 466,\n    \"firstName\": \"Lesya\",\n    \"lastName\": \"UkrainkasINtf\",\n    \"age\": 29,\n    \"salary\": 0.0\n  },\n  {\n    \"id\": 467,\n    \"firstName\": \"Lesya\",\n    \"lastName\": \"UkrainkavUeqi\",\n    \"age\": 29,\n    \"salary\": 0.0\n  },\n  {\n    \"id\": 468,\n    \"firstName\": \"Lesya\",\n    \"lastName\": \"Ukrainkap00QB\",\n    \"age\": 29,\n    \"salary\": 0.0\n  },\n  {\n    \"id\": 469,\n    \"firstName\": \"Lesya\",\n    \"lastName\": \"UkrainkaH7kRf\",\n    \"age\": 29,\n    \"salary\": 0.0\n  },\n  {\n    \"id\": 470,\n    \"firstName\": \"Lesya\",\n    \"lastName\": \"Ukrainka13514.64\",\n    \"age\": 29,\n    \"salary\": 0.0\n  },\n  {\n    \"id\": 471,\n    \"firstName\": \"Lesya\",\n    \"lastName\": \"Ukrainka58258.86\",\n    \"age\": 29,\n    \"salary\": 0.0\n  },\n  {\n    \"id\": 472,\n    \"firstName\": \"Lesya\",\n    \"lastName\": \"Ukrainka19661.33\",\n    \"age\": 29,\n    \"salary\": 0.0\n  },\n  {\n    \"id\": 473,\n    \"firstName\": \"Lesya\",\n    \"lastName\": \"Ukrainka24081.70\",\n    \"age\": 29,\n    \"salary\": 0.0\n  },\n  {\n    \"id\": 474,\n    \"firstName\": \"Lesya\",\n    \"lastName\": \"Ukrainka51312.64\",\n    \"age\": 29,\n    \"salary\": 0.0\n  },\n  {\n    \"id\": 475,\n    \"firstName\": \"Lesya\",\n    \"lastName\": \"UkrainkaT1JO2\",\n    \"age\": 29,\n    \"salary\": 0.0\n  },\n  {\n    \"id\": 476,\n    \"firstName\": \"Lesya\",\n    \"lastName\": \"Ukrainka4QIv6\",\n    \"age\": 29,\n    \"salary\": 0.0\n  },\n  {\n    \"id\": 477,\n    \"firstName\": \"Lesya\",\n    \"lastName\": \"Ukrainka3NSYNhJllUPis6Lt\",\n    \"age\": 29,\n    \"salary\": 0.0\n  },\n  {\n    \"id\": 478,\n    \"firstName\": \"Lesya\",\n    \"lastName\": \"Ukrainka7Jn0jj3TPkwh6UKI\",\n    \"age\": 29,\n    \"salary\": 0.0\n  }\n]','Unsupported request method; Actual response does not match the expected one; Response time exceeded timeout value; ',91,NULL,NULL),(224,'',4,2,76,'requestName_3','requestDescription_3','','',NULL,'','2016-04-12 21:45:04',0,60,'',NULL,'',100,15,1),(227,'',4,2,67,'requestName_2','requestDescription_2','','',NULL,'','2016-04-12 21:45:01',0,80,'',NULL,'',101,8,4),(228,'',4,2,49,'requestName_1','requestDescription_1','','',NULL,'','2016-04-12 21:44:54',0,90,'',NULL,'',102,35,5),(230,'',4,2,64,'requestName_4','requestDescription_4','','',NULL,'','2016-04-12 21:45:10',0,110,'',NULL,'',77,8,6),(238,'\0',4,3,75,'Creates author <FAIL NOT LOG; JSON>','Creates new author','http://localhost:9080/test-service/authors?logging=false','JSON','{\n  \"firstName\": \"Lesya\",\n  \"lastName\": \"Ukrainka2vb7KuOWw1gqQiVp\",\n  \"age\": 29,\n  \"salary\": 0.0\n}','HTTP/1.1 200 OK','2016-04-11 16:37:11',30,2119,'{\n  \"id\": \"STUB_VALUE\",\n  \"firstName\": \"Lesya\",\n  \"lastName\": \"Ukrainka2vb7KuOWw1gqQiVp\",\n  \"age\": 29,\n  \"salary\": 0.0\n}','{\n  \"id\": 479,\n  \"firstName\": \"Lesya\",\n  \"lastName\": \"Ukrainka2vb7KuOWw1gqQiVp\",\n  \"age\": 29,\n  \"salary\": 0.0\n}','Actual response does not match the expected one; Response time exceeded timeout value; ',103,NULL,NULL),(239,'\0',4,3,67,'Loads author 294 <PASS JSON>','Loads author with id=294','http://localhost:9080/test-service/authors/294','JSON',NULL,'HTTP/1.1 200 OK','2016-04-12 21:38:27',1000,1491,'{\n  \"id\": 294,\n  \"firstName\": \"Erich Maria\",\n  \"lastName\": \"Remarque\",\n  \"age\": 72,\n  \"salary\": 0.0\n}','{\n  \"id\": 294,\n  \"firstName\": \"Erich Maria\",\n  \"lastName\": \"Remarque\",\n  \"age\": 72,\n  \"salary\": 0.0\n}','Response time exceeded timeout value',104,NULL,NULL),(240,'',4,3,67,'Loads author 294 <PASS JSON>','Loads author with id=294','http://localhost:9080/test-service/authors/294','JSON',NULL,'HTTP/1.1 200 OK','2016-04-12 21:39:25',1000,570,'{\n  \"id\": 294,\n  \"firstName\": \"Erich Maria\",\n  \"lastName\": \"Remarque\",\n  \"age\": 72,\n  \"salary\": 0.0\n}','{\n  \"id\": 294,\n  \"firstName\": \"Erich Maria\",\n  \"lastName\": \"Remarque\",\n  \"age\": 72,\n  \"salary\": 0.0\n}','Pass',105,NULL,NULL),(241,'\0',4,3,66,'Loads author 294 <PASS XML>','Loads author with id=294','http://localhost:9080/test-service/authors/294','XML',NULL,'HTTP/1.1 200 OK','2016-04-12 21:39:45',350,1049,'<?xml version=\"1.0\" encoding=\"UTF-8\"?><author>\r\n  <age>72</age>\r\n  <firstName>Erich Maria</firstName>\r\n  <id>294</id>\r\n  <lastName>Remarque</lastName>\r\n  <salary>0.0</salary>\r\n</author>\r\n','<?xml version=\"1.0\" encoding=\"UTF-8\"?><author>\r\n  <age>72</age>\r\n  <firstName>Erich Maria</firstName>\r\n  <id>294</id>\r\n  <lastName>Remarque</lastName>\r\n  <salary>0.0</salary>\r\n</author>\r\n','Response time exceeded timeout value',106,NULL,NULL),(242,'\0',4,3,48,'Loads authors <FAIL 401>','Loads all authors; FAIL UNAUTHORIZED','http://localhost:9080/test-service/authors','JSON',NULL,'HTTP/1.1 200 OK','2016-04-12 21:40:32',50,5089,'[\n  {\n    \"id\": 294,\n    \"firstName\": \"Erich Maria\",\n    \"lastName\": \"Remarque\",\n    \"age\": 72,\n    \"salary\": 0.0\n  },\n  {\n    \"id\": 295,\n    \"firstName\": \"Taras\",\n    \"lastName\": \"Shevchenko\",\n    \"age\": 47,\n    \"salary\": 0.0\n  }\n]','[\n  {\n    \"id\": 294,\n    \"firstName\": \"Erich Maria\",\n    \"lastName\": \"Remarque\",\n    \"age\": 72,\n    \"salary\": 0.0\n  },\n  {\n    \"id\": 295,\n    \"firstName\": \"Taras\",\n    \"lastName\": \"Shevchenko\",\n    \"age\": 47,\n    \"salary\": 0.0\n  },\n  {\n    \"id\": 432,\n    \"firstName\": \"asdasd\",\n    \"lastName\": \"sdfsf\",\n    \"age\": 47,\n    \"salary\": 0.0\n  },\n  {\n    \"id\": 433,\n    \"firstName\": \"dsfdsfErich Maria\",\n    \"lastName\": \"sfsfRemarque\",\n    \"age\": 73332,\n    \"salary\": 1110.0\n  },\n  {\n    \"id\": 434,\n    \"firstName\": \"asdasd\",\n    \"lastName\": \"sdfsf\",\n    \"age\": 47,\n    \"salary\": 0.0\n  },\n  {\n    \"id\": 435,\n    \"firstName\": \"asdasd\",\n    \"lastName\": \"sdfsf\",\n    \"age\": 47,\n    \"salary\": 0.0\n  },\n  {\n    \"id\": 436,\n    \"firstName\": \"asdasd\",\n    \"lastName\": \"sdfsf\",\n    \"age\": 47,\n    \"salary\": 0.0\n  },\n  {\n    \"id\": 437,\n    \"firstName\": \"asdasd\",\n    \"lastName\": \"sdfsf\",\n    \"age\": 47,\n    \"salary\": 0.0\n  },\n  {\n    \"id\": 438,\n    \"firstName\": \"asdasd\",\n    \"lastName\": \"sdfsf\",\n    \"age\": 47,\n    \"salary\": 0.0\n  },\n  {\n    \"id\": 439,\n    \"firstName\": \"asdasd\",\n    \"lastName\": \"sdfsf\",\n    \"age\": 47,\n    \"salary\": 0.0\n  },\n  {\n    \"id\": 440,\n    \"firstName\": \"asdasd\",\n    \"lastName\": \"sdfsf\",\n    \"age\": 47,\n    \"salary\": 0.0\n  },\n  {\n    \"id\": 441,\n    \"firstName\": \"Lesya\",\n    \"lastName\": \"UkrainkaSSwqt\",\n    \"age\": 29,\n    \"salary\": 0.0\n  },\n  {\n    \"id\": 442,\n    \"firstName\": \"Lesya\",\n    \"lastName\": \"UkrainkalCely\",\n    \"age\": 29,\n    \"salary\": 0.0\n  },\n  {\n    \"id\": 443,\n    \"firstName\": \"Lesya\",\n    \"lastName\": \"Ukrainka2Qytb\",\n    \"age\": 29,\n    \"salary\": 0.0\n  },\n  {\n    \"id\": 444,\n    \"firstName\": \"Lesya\",\n    \"lastName\": \"Ukrainka31533.34\",\n    \"age\": 29,\n    \"salary\": 0.0\n  },\n  {\n    \"id\": 445,\n    \"firstName\": \"Lesya\",\n    \"lastName\": \"Ukrainka36618.26\",\n    \"age\": 29,\n    \"salary\": 0.0\n  },\n  {\n    \"id\": 446,\n    \"firstName\": \"Lesya\",\n    \"lastName\": \"Ukrainka61701.24\",\n    \"age\": 29,\n    \"salary\": 0.0\n  },\n  {\n    \"id\": 447,\n    \"firstName\": \"Lesya\",\n    \"lastName\": \"Ukrainka1WKsB\",\n    \"age\": 29,\n    \"salary\": 0.0\n  },\n  {\n    \"id\": 448,\n    \"firstName\": \"Lesya\",\n    \"lastName\": \"UkrainkaDHqdD\",\n    \"age\": 29,\n    \"salary\": 0.0\n  },\n  {\n    \"id\": 449,\n    \"firstName\": \"Lesya\",\n    \"lastName\": \"Ukrainka11542.84\",\n    \"age\": 29,\n    \"salary\": 0.0\n  },\n  {\n    \"id\": 450,\n    \"firstName\": \"Lesya\",\n    \"lastName\": \"Ukrainka14321.44\",\n    \"age\": 29,\n    \"salary\": 0.0\n  },\n  {\n    \"id\": 451,\n    \"firstName\": \"Lesya\",\n    \"lastName\": \"UkrainkaCCfbe\",\n    \"age\": 29,\n    \"salary\": 0.0\n  },\n  {\n    \"id\": 452,\n    \"firstName\": \"Lesya\",\n    \"lastName\": \"Ukrainka228Hx\",\n    \"age\": 29,\n    \"salary\": 0.0\n  },\n  {\n    \"id\": 453,\n    \"firstName\": \"Lesya\",\n    \"lastName\": \"Ukrainka21786.82\",\n    \"age\": 29,\n    \"salary\": 0.0\n  },\n  {\n    \"id\": 454,\n    \"firstName\": \"Lesya\",\n    \"lastName\": \"Ukrainka09080.74\",\n    \"age\": 29,\n    \"salary\": 0.0\n  },\n  {\n    \"id\": 455,\n    \"firstName\": \"Lesya\",\n    \"lastName\": \"Ukrainka71931.41\",\n    \"age\": 29,\n    \"salary\": 0.0\n  },\n  {\n    \"id\": 456,\n    \"firstName\": \"Lesya\",\n    \"lastName\": \"Ukrainka29848.68\",\n    \"age\": 29,\n    \"salary\": 0.0\n  },\n  {\n    \"id\": 457,\n    \"firstName\": \"Lesya\",\n    \"lastName\": \"Ukrainka29962.70\",\n    \"age\": 29,\n    \"salary\": 0.0\n  },\n  {\n    \"id\": 458,\n    \"firstName\": \"Lesya\",\n    \"lastName\": \"Ukrainka94908.78\",\n    \"age\": 29,\n    \"salary\": 0.0\n  },\n  {\n    \"id\": 459,\n    \"firstName\": \"Lesya\",\n    \"lastName\": \"Ukrainka16572.43\",\n    \"age\": 29,\n    \"salary\": 0.0\n  },\n  {\n    \"id\": 460,\n    \"firstName\": \"Lesya\",\n    \"lastName\": \"Ukrainka54966.52\",\n    \"age\": 29,\n    \"salary\": 0.0\n  },\n  {\n    \"id\": 461,\n    \"firstName\": \"Lesya\",\n    \"lastName\": \"Ukrainka98781.96\",\n    \"age\": 29,\n    \"salary\": 0.0\n  },\n  {\n    \"id\": 462,\n    \"firstName\": \"Lesya\",\n    \"lastName\": \"Ukrainka25626.61\",\n    \"age\": 29,\n    \"salary\": 0.0\n  },\n  {\n    \"id\": 463,\n    \"firstName\": \"Lesya\",\n    \"lastName\": \"Ukrainka41932.94\",\n    \"age\": 29,\n    \"salary\": 0.0\n  },\n  {\n    \"id\": 464,\n    \"firstName\": \"Lesya\",\n    \"lastName\": \"Ukrainka96482.94\",\n    \"age\": 29,\n    \"salary\": 0.0\n  },\n  {\n    \"id\": 465,\n    \"firstName\": \"Lesya\",\n    \"lastName\": \"Ukrainka49140.87\",\n    \"age\": 29,\n    \"salary\": 0.0\n  },\n  {\n    \"id\": 466,\n    \"firstName\": \"Lesya\",\n    \"lastName\": \"UkrainkasINtf\",\n    \"age\": 29,\n    \"salary\": 0.0\n  },\n  {\n    \"id\": 467,\n    \"firstName\": \"Lesya\",\n    \"lastName\": \"UkrainkavUeqi\",\n    \"age\": 29,\n    \"salary\": 0.0\n  },\n  {\n    \"id\": 468,\n    \"firstName\": \"Lesya\",\n    \"lastName\": \"Ukrainkap00QB\",\n    \"age\": 29,\n    \"salary\": 0.0\n  },\n  {\n    \"id\": 469,\n    \"firstName\": \"Lesya\",\n    \"lastName\": \"UkrainkaH7kRf\",\n    \"age\": 29,\n    \"salary\": 0.0\n  },\n  {\n    \"id\": 470,\n    \"firstName\": \"Lesya\",\n    \"lastName\": \"Ukrainka13514.64\",\n    \"age\": 29,\n    \"salary\": 0.0\n  },\n  {\n    \"id\": 471,\n    \"firstName\": \"Lesya\",\n    \"lastName\": \"Ukrainka58258.86\",\n    \"age\": 29,\n    \"salary\": 0.0\n  },\n  {\n    \"id\": 472,\n    \"firstName\": \"Lesya\",\n    \"lastName\": \"Ukrainka19661.33\",\n    \"age\": 29,\n    \"salary\": 0.0\n  },\n  {\n    \"id\": 473,\n    \"firstName\": \"Lesya\",\n    \"lastName\": \"Ukrainka24081.70\",\n    \"age\": 29,\n    \"salary\": 0.0\n  },\n  {\n    \"id\": 474,\n    \"firstName\": \"Lesya\",\n    \"lastName\": \"Ukrainka51312.64\",\n    \"age\": 29,\n    \"salary\": 0.0\n  },\n  {\n    \"id\": 475,\n    \"firstName\": \"Lesya\",\n    \"lastName\": \"UkrainkaT1JO2\",\n    \"age\": 29,\n    \"salary\": 0.0\n  },\n  {\n    \"id\": 476,\n    \"firstName\": \"Lesya\",\n    \"lastName\": \"Ukrainka4QIv6\",\n    \"age\": 29,\n    \"salary\": 0.0\n  },\n  {\n    \"id\": 477,\n    \"firstName\": \"Lesya\",\n    \"lastName\": \"Ukrainka3NSYNhJllUPis6Lt\",\n    \"age\": 29,\n    \"salary\": 0.0\n  },\n  {\n    \"id\": 478,\n    \"firstName\": \"Lesya\",\n    \"lastName\": \"Ukrainka7Jn0jj3TPkwh6UKI\",\n    \"age\": 29,\n    \"salary\": 0.0\n  },\n  {\n    \"id\": 479,\n    \"firstName\": \"Lesya\",\n    \"lastName\": \"Ukrainka2vb7KuOWw1gqQiVp\",\n    \"age\": 29,\n    \"salary\": 0.0\n  }\n]','Actual response does not match the expected one',107,NULL,NULL),(243,'\0',4,3,49,'Loads authors <FAIL 403>','Loads all authors; FAIL Forbidden','http://localhost:9080/test-service/authors','JSON',NULL,'HTTP/1.1 403 Forbidden','2016-04-12 21:42:22',50,0,'[\n  {\n    \"id\": 294,\n    \"firstName\": \"Erich Maria\",\n    \"lastName\": \"Remarque\",\n    \"age\": 72,\n    \"salary\": 0.0\n  },\n  {\n    \"id\": 295,\n    \"firstName\": \"Taras\",\n    \"lastName\": \"Shevchenko\",\n    \"age\": 47,\n    \"salary\": 0.0\n  }\n]',NULL,'Forbidden',108,NULL,NULL),(244,'',4,3,66,'Loads author 294 <PASS XML>','Loads author with id=294','http://localhost:9080/test-service/authors/294','XML',NULL,'HTTP/1.1 200 OK','2016-04-12 21:43:02',350,246,'<?xml version=\"1.0\" encoding=\"UTF-8\"?><author>\r\n  <age>72</age>\r\n  <firstName>Erich Maria</firstName>\r\n  <id>294</id>\r\n  <lastName>Remarque</lastName>\r\n  <salary>0.0</salary>\r\n</author>\r\n','<?xml version=\"1.0\" encoding=\"UTF-8\"?><author>\r\n  <age>72</age>\r\n  <firstName>Erich Maria</firstName>\r\n  <id>294</id>\r\n  <lastName>Remarque</lastName>\r\n  <salary>0.0</salary>\r\n</author>\r\n','Pass',109,35,NULL),(245,'',4,3,67,'Loads author 294 <PASS JSON>','Loads author with id=294','http://localhost:9080/test-service/authors/294','JSON',NULL,'HTTP/1.1 200 OK','2016-04-12 21:43:03',1000,139,'{\n  \"id\": 294,\n  \"firstName\": \"Erich Maria\",\n  \"lastName\": \"Remarque\",\n  \"age\": 72,\n  \"salary\": 0.0\n}','{\n  \"id\": 294,\n  \"firstName\": \"Erich Maria\",\n  \"lastName\": \"Remarque\",\n  \"age\": 72,\n  \"salary\": 0.0\n}','Pass',109,35,NULL),(246,'\0',4,3,66,'Loads author 294 <PASS XML>','Loads author with id=294','http://localhost:9080/test-service/authors/294','XML',NULL,'HTTP/1.1 200 OK','2016-04-12 21:44:39',350,456,'<?xml version=\"1.0\" encoding=\"UTF-8\"?><author>\r\n  <age>72</age>\r\n  <firstName>Erich Maria</firstName>\r\n  <id>294</id>\r\n  <lastName>Remarque</lastName>\r\n  <salary>0.0</salary>\r\n</author>\r\n','<?xml version=\"1.0\" encoding=\"UTF-8\"?><author>\r\n  <age>72</age>\r\n  <firstName>Erich Maria</firstName>\r\n  <id>294</id>\r\n  <lastName>Remarque</lastName>\r\n  <salary>0.0</salary>\r\n</author>\r\n','Response time exceeded timeout value',110,35,4),(247,'',4,3,67,'Loads author 294 <PASS JSON>','Loads author with id=294','http://localhost:9080/test-service/authors/294','JSON',NULL,'HTTP/1.1 200 OK','2016-04-12 21:44:45',1000,253,'{\n  \"id\": 294,\n  \"firstName\": \"Erich Maria\",\n  \"lastName\": \"Remarque\",\n  \"age\": 72,\n  \"salary\": 0.0\n}','{\n  \"id\": 294,\n  \"firstName\": \"Erich Maria\",\n  \"lastName\": \"Remarque\",\n  \"age\": 72,\n  \"salary\": 0.0\n}','Pass',110,35,4),(248,'',4,3,66,'Loads author 294 <PASS XML>','Loads author with id=294','http://localhost:9080/test-service/authors/294','XML',NULL,'HTTP/1.1 200 OK','2016-04-12 21:49:15',1000,464,'<?xml version=\"1.0\" encoding=\"UTF-8\"?><author>\r\n  <age>72</age>\r\n  <firstName>Erich Maria</firstName>\r\n  <id>294</id>\r\n  <lastName>Remarque</lastName>\r\n  <salary>0.0</salary>\r\n</author>\r\n','<?xml version=\"1.0\" encoding=\"UTF-8\"?><author>\r\n  <age>72</age>\r\n  <firstName>Erich Maria</firstName>\r\n  <id>294</id>\r\n  <lastName>Remarque</lastName>\r\n  <salary>0.0</salary>\r\n</author>\r\n','Pass',111,35,14),(249,'',4,3,67,'Loads author 294 <PASS JSON>','Loads author with id=294','http://localhost:9080/test-service/authors/294','JSON',NULL,'HTTP/1.1 200 OK','2016-04-12 21:49:16',1000,115,'{\n  \"id\": 294,\n  \"firstName\": \"Erich Maria\",\n  \"lastName\": \"Remarque\",\n  \"age\": 72,\n  \"salary\": 0.0\n}','{\n  \"id\": 294,\n  \"firstName\": \"Erich Maria\",\n  \"lastName\": \"Remarque\",\n  \"age\": 72,\n  \"salary\": 0.0\n}','Pass',111,35,14),(250,'\0',4,3,75,'Creates author <FAIL NOT LOG; JSON>','Creates new author','http://localhost:9080/test-service/authors?logging=true','JSON','{\n  \"firstName\": \"Lesya\",\n  \"lastName\": \"UkrainkaWeouMR66NDBYVKQN\",\n  \"age\": 29,\n  \"salary\": 0.0\n}','HTTP/1.1 500 Internal Server Error','2016-04-13 10:13:11',30,20722,'{\n  \"id\": \"STUB_VALUE\",\n  \"firstName\": \"Lesya\",\n  \"lastName\": \"UkrainkaWeouMR66NDBYVKQN\",\n  \"age\": 29,\n  \"salary\": 0.0\n}',NULL,'Actual response does not match the expected one; Response time exceeded timeout value; ',112,NULL,NULL),(251,'\0',4,3,76,'Creates author <PASS LOG; JSON>','Creates new author','http://localhost:9080/test-service/authors?logging=true','JSON','{\n  \"firstName\": \"Lesya\",\n  \"lastName\": \"Ukrainka6uglU\",\n  \"age\": 29,\n  \"salary\": 0.0\n}','HTTP/1.1 200 OK','2016-04-13 10:40:10',30,2121,'{\n  \"id\": \"STUB_VALUE\",\n  \"firstName\": \"Lesya\",\n  \"lastName\": \"Ukrainka6uglU\",\n  \"age\": 29,\n  \"salary\": 0.0\n}','{\n  \"id\": 480,\n  \"firstName\": \"Lesya\",\n  \"lastName\": \"Ukrainka6uglU\",\n  \"age\": 29,\n  \"salary\": 0.0\n}','Actual response does not match the expected one; Response time exceeded timeout value; ',113,NULL,NULL),(252,'\0',4,3,75,'Creates author <FAIL NOT LOG; JSON>','Creates new author','http://localhost:9080/test-service/authors?logging=false','JSON','{\n  \"firstName\": \"Lesya\",\n  \"lastName\": \"UkrainkaoFjE9eLN4odREPQX\",\n  \"age\": 29,\n  \"salary\": 0.0\n}','HTTP/1.1 500 Internal Server Error','2016-04-13 10:51:21',30,10,'{\n  \"id\": \"STUB_VALUE\",\n  \"firstName\": \"Lesya\",\n  \"lastName\": \"UkrainkaoFjE9eLN4odREPQX\",\n  \"age\": 29,\n  \"salary\": 0.0\n}',NULL,'Actual response does not match the expected one; ',114,NULL,NULL),(253,'\0',4,3,76,'Creates author <PASS LOG; JSON>','Creates new author','http://localhost:9080/test-service/authors?logging=true','JSON','{\n  \"firstName\": \"Lesya\",\n  \"lastName\": \"UkrainkaDE1oH\",\n  \"age\": 29,\n  \"salary\": 0.0\n}','HTTP/1.1 200 OK','2016-04-13 10:51:47',30,327,'{\n  \"id\": \"STUB_VALUE\",\n  \"firstName\": \"Lesya\",\n  \"lastName\": \"UkrainkaDE1oH\",\n  \"age\": 29,\n  \"salary\": 0.0\n}','{\n  \"id\": 481,\n  \"firstName\": \"Lesya\",\n  \"lastName\": \"UkrainkaDE1oH\",\n  \"age\": 29,\n  \"salary\": 0.0\n}','Actual response does not match the expected one; Response time exceeded timeout value; ',115,NULL,NULL),(254,'\0',4,3,75,'Creates author <FAIL NOT LOG; JSON>','Creates new author','http://localhost:9080/test-service/authors?logging=false','JSON','{\n  \"firstName\": \"Lesya\",\n  \"lastName\": \"UkrainkahU6v3y8PSB0cljLk\",\n  \"age\": 29,\n  \"salary\": 0.0\n}','HTTP/1.1 500 Internal Server Error','2016-04-13 10:54:24',30,109,'{\n  \"id\": \"STUB_VALUE\",\n  \"firstName\": \"Lesya\",\n  \"lastName\": \"UkrainkahU6v3y8PSB0cljLk\",\n  \"age\": 29,\n  \"salary\": 0.0\n}',NULL,'Actual response does not match the expected one; Response time exceeded timeout value; ',116,NULL,NULL),(255,'\0',4,3,76,'Creates author <PASS LOG; JSON>','Creates new author','http://localhost:9080/test-service/authors?logging=true','JSON','{\n  \"firstName\": \"Lesya\",\n  \"lastName\": \"Ukrainka3c949\",\n  \"age\": 29,\n  \"salary\": 0.0\n}','HTTP/1.1 200 OK','2016-04-13 10:55:19',30,172,'{\n  \"id\": \"STUB_VALUE\",\n  \"firstName\": \"Lesya\",\n  \"lastName\": \"Ukrainka3c949\",\n  \"age\": 29,\n  \"salary\": 0.0\n}','{\n  \"id\": 482,\n  \"firstName\": \"Lesya\",\n  \"lastName\": \"Ukrainka3c949\",\n  \"age\": 29,\n  \"salary\": 0.0\n}','Actual response does not match the expected one; Response time exceeded timeout value; ',117,NULL,NULL),(256,'\0',4,3,75,'Creates author <FAIL NOT LOG; JSON>','Creates new author','http://localhost:9080/test-service/authors?logging=false','JSON','{\n  \"firstName\": \"Lesya\",\n  \"lastName\": \"Ukrainkai1E2HrmCyD9y9lxj\",\n  \"age\": 29,\n  \"salary\": 0.0\n}','HTTP/1.1 500 Internal Server Error','2016-04-13 10:55:52',30,12,'{\n  \"id\": \"STUB_VALUE\",\n  \"firstName\": \"Lesya\",\n  \"lastName\": \"Ukrainkai1E2HrmCyD9y9lxj\",\n  \"age\": 29,\n  \"salary\": 0.0\n}',NULL,'Actual response does not match the expected one; ',118,NULL,NULL),(257,'\0',4,3,76,'Creates author <PASS LOG; JSON>','Creates new author','http://localhost:9080/test-service/authors?logging=true','JSON','{\n  \"firstName\": \"Lesya\",\n  \"lastName\": \"UkrainkaB6s2b\",\n  \"age\": 29,\n  \"salary\": 0.0\n}','HTTP/1.1 200 OK','2016-04-13 11:01:36',30,330,'{\n  \"id\": \"STUB_VALUE\",\n  \"firstName\": \"Lesya\",\n  \"lastName\": \"UkrainkaB6s2b\",\n  \"age\": 29,\n  \"salary\": 0.0\n}','{\n  \"id\": 483,\n  \"firstName\": \"Lesya\",\n  \"lastName\": \"UkrainkaB6s2b\",\n  \"age\": 29,\n  \"salary\": 0.0\n}','Actual response does not match the expected one; Response time exceeded timeout value; ',119,NULL,NULL),(258,'\0',4,3,71,'Loads books for author 294 <PASS XML>','Loads books for author with id=294','http://localhost:9080/test-service/authors/294/books','XML',NULL,'HTTP/1.1 200 OK','2016-04-13 11:48:58',30,172,'<?xml version=\"1.0\" encoding=\"UTF-8\"?><books>\r\n  <book>\r\n    <authorId>294</authorId>\r\n    <id>74</id>\r\n    <name>Three Comrades</name>\r\n    <year>1937</year>\r\n  </book>\r\n  <book>\r\n    <authorId>294</authorId>\r\n    <id>75</id>\r\n    <name>All Quiet on the Western Front</name>\r\n    <year>1929</year>\r\n  </book>\r\n  <book>\r\n    <authorId>294</authorId>\r\n    <id>76</id>\r\n    <name>Arch of Triumph</name>\r\n    <year>1945</year>\r\n  </book>\r\n</books>\r\n','<?xml version=\"1.0\" encoding=\"UTF-8\"?><books>\n  <book>\n    <authorId>294</authorId>\n    <id>74</id>\n    <name>Three Comrades</name>\n    <year>1937</year>\n  </book>\n  <book>\n    <authorId>294</authorId>\n    <id>75</id>\n    <name>All Quiet on the Western Front</name>\n    <year>1929</year>\n  </book>\n  <book>\n    <authorId>294</authorId>\n    <id>76</id>\n    <name>Arch of Triumph</name>\n    <year>1945</year>\n  </book>\n</books>\n','Actual response does not match the expected one; Response time exceeded timeout value; ',120,NULL,NULL),(259,'\0',4,3,67,'Loads author 294 <PASS JSON>','Loads author with id=294','http://localhost:9080/test-service/authors/294','JSON',NULL,'HTTP/1.1 200 OK','2016-04-13 11:55:29',1000,2410,'{\n  \"id\": 294,\n  \"firstName\": \"Erich Maria\",\n  \"lastName\": \"Remarque\",\n  \"age\": 72,\n  \"salary\": 0.0\n}','{\n  \"id\": 294,\n  \"firstName\": \"Erich Maria\",\n  \"lastName\": \"Remarque\",\n  \"age\": 72,\n  \"salary\": 0.0\n}','Response time exceeded timeout value; ',121,NULL,NULL),(260,'\0',4,3,71,'Loads books for author 294 <PASS XML>','Loads books for author with id=294','http://localhost:9080/test-service/authors/294/books','XML',NULL,'HTTP/1.1 200 OK','2016-04-13 11:55:55',30,167,'<?xml version=\"1.0\" encoding=\"UTF-8\"?><books>\r\n  <book>\r\n    <authorId>294</authorId>\r\n    <id>74</id>\r\n    <name>Three Comrades</name>\r\n    <year>1937</year>\r\n  </book>\r\n  <book>\r\n    <authorId>294</authorId>\r\n    <id>75</id>\r\n    <name>All Quiet on the Western Front</name>\r\n    <year>1929</year>\r\n  </book>\r\n  <book>\r\n    <authorId>294</authorId>\r\n    <id>76</id>\r\n    <name>Arch of Triumph</name>\r\n    <year>1945</year>\r\n  </book>\r\n</books>\r\n','<?xml version=\"1.0\" encoding=\"UTF-8\"?><books>\n  <book>\n    <authorId>294</authorId>\n    <id>74</id>\n    <name>Three Comrades</name>\n    <year>1937</year>\n  </book>\n  <book>\n    <authorId>294</authorId>\n    <id>75</id>\n    <name>All Quiet on the Western Front</name>\n    <year>1929</year>\n  </book>\n  <book>\n    <authorId>294</authorId>\n    <id>76</id>\n    <name>Arch of Triumph</name>\n    <year>1945</year>\n  </book>\n</books>\n','Actual response does not match the expected one; Response time exceeded timeout value; ',122,NULL,NULL),(261,'\0',4,3,73,'Loads books for author 295 <PASS JSON>','Loads books for author with id=295','http://localhost:9080/test-service/authors/295/books','JSON',NULL,'HTTP/1.1 200 OK','2016-04-13 12:00:26',30,114,'[\n  {\n    \"id\": 77,\n    \"name\": \"Poplar\",\n    \"year\": 1839,\n    \"authorId\": 295\n  },\n  {\n    \"id\": 78,\n    \"name\": \"Kate\",\n    \"year\": 1839,\n    \"authorId\": 295\n  },\n  {\n    \"id\": 80,\n    \"name\": \"Kobzar\",\n    \"year\": 1840,\n    \"authorId\": 295\n  },\n  {\n    \"id\": 81,\n    \"name\": \"Ivan Pidkova\",\n    \"year\": 1839,\n    \"authorId\": 295\n  }\n]','[\n  {\n    \"id\": 77,\n    \"name\": \"Poplar\",\n    \"year\": 1839,\n    \"authorId\": 295\n  },\n  {\n    \"id\": 78,\n    \"name\": \"Kate\",\n    \"year\": 1839,\n    \"authorId\": 295\n  },\n  {\n    \"id\": 80,\n    \"name\": \"Kobzar\",\n    \"year\": 1840,\n    \"authorId\": 295\n  },\n  {\n    \"id\": 81,\n    \"name\": \"Ivan Pidkova\",\n    \"year\": 1839,\n    \"authorId\": 295\n  }\n]','Response time exceeded timeout value; ',123,NULL,NULL),(262,'\0',4,3,71,'Loads books for author 294 <PASS XML>','Loads books for author with id=294','http://localhost:9080/test-service/authors/294/books','XML',NULL,'HTTP/1.1 200 OK','2016-04-13 12:00:56',30,108,'<?xml version=\"1.0\" encoding=\"UTF-8\"?><books>\r\n  <book>\r\n    <authorId>294</authorId>\r\n    <id>74</id>\r\n    <name>Three Comrades</name>\r\n    <year>1937</year>\r\n  </book>\r\n  <book>\r\n    <authorId>294</authorId>\r\n    <id>75</id>\r\n    <name>All Quiet on the Western Front</name>\r\n    <year>1929</year>\r\n  </book>\r\n  <book>\r\n    <authorId>294</authorId>\r\n    <id>76</id>\r\n    <name>Arch of Triumph</name>\r\n    <year>1945</year>\r\n  </book>\r\n</books>\r\n','<?xml version=\"1.0\" encoding=\"UTF-8\"?><books>\n  <book>\n    <authorId>294</authorId>\n    <id>74</id>\n    <name>Three Comrades</name>\n    <year>1937</year>\n  </book>\n  <book>\n    <authorId>294</authorId>\n    <id>75</id>\n    <name>All Quiet on the Western Front</name>\n    <year>1929</year>\n  </book>\n  <book>\n    <authorId>294</authorId>\n    <id>76</id>\n    <name>Arch of Triumph</name>\n    <year>1945</year>\n  </book>\n</books>\n','Actual response does not match the expected one; Response time exceeded timeout value; ',124,NULL,NULL),(263,'\0',4,3,71,'Loads books for author 294 <PASS XML>','Loads books for author with id=294','http://localhost:9080/test-service/authors/294/books','XML',NULL,'HTTP/1.1 200 OK','2016-04-13 12:03:22',30,133,'<?xml version=\"1.0\" encoding=\"UTF-8\"?><books>\n  <book>\n    <authorId>294</authorId>\n    <id>74</id>\n    <name>Three Comrades</name>\n    <year>1937</year>\n  </book>\n  <book>\n    <authorId>294</authorId>\n    <id>75</id>\n    <name>All Quiet on the Western Front</name>\n    <year>1929</year>\n  </book>\n  <book>\n    <authorId>294</authorId>\n    <id>76</id>\n    <name>Arch of Triumph</name>\n    <year>1945</year>\n  </book>\n</books>\n','<?xml version=\"1.0\" encoding=\"UTF-8\"?><books>\n  <book>\n    <authorId>294</authorId>\n    <id>74</id>\n    <name>Three Comrades</name>\n    <year>1937</year>\n  </book>\n  <book>\n    <authorId>294</authorId>\n    <id>75</id>\n    <name>All Quiet on the Western Front</name>\n    <year>1929</year>\n  </book>\n  <book>\n    <authorId>294</authorId>\n    <id>76</id>\n    <name>Arch of Triumph</name>\n    <year>1945</year>\n  </book>\n</books>\n','Response time exceeded timeout value; ',125,NULL,NULL),(264,'\0',4,3,73,'Loads books for author 295 <PASS JSON>','Loads books for author with id=295','http://localhost:9080/test-service/authors/295/books','JSON',NULL,'HTTP/1.1 200 OK','2016-04-13 12:04:23',30,112,'[\n  {\n    \"id\": 77,\n    \"name\": \"Poplar\",\n    \"year\": 1839,\n    \"authorId\": 295\n  },\n  {\n    \"id\": 78,\n    \"name\": \"Kate\",\n    \"year\": 1839,\n    \"authorId\": 295\n  },\n  {\n    \"id\": 80,\n    \"name\": \"Kobzar\",\n    \"year\": 1840,\n    \"authorId\": 295\n  },\n  {\n    \"id\": 81,\n    \"name\": \"Ivan Pidkova\",\n    \"year\": 1839,\n    \"authorId\": 295\n  }\n]','[\n  {\n    \"id\": 77,\n    \"name\": \"Poplar\",\n    \"year\": 1839,\n    \"authorId\": 295\n  },\n  {\n    \"id\": 78,\n    \"name\": \"Kate\",\n    \"year\": 1839,\n    \"authorId\": 295\n  },\n  {\n    \"id\": 80,\n    \"name\": \"Kobzar\",\n    \"year\": 1840,\n    \"authorId\": 295\n  },\n  {\n    \"id\": 81,\n    \"name\": \"Ivan Pidkova\",\n    \"year\": 1839,\n    \"authorId\": 295\n  }\n]','Response time exceeded timeout value; ',126,NULL,NULL),(265,'\0',4,3,76,'Creates author <PASS LOG; JSON>','Creates new author','http://localhost:9080/test-service/authors?logging=true','JSON','{\n  \"firstName\": \"Lesya\",\n  \"lastName\": \"Ukrainka6l7Te\",\n  \"age\": 29,\n  \"salary\": 0.0\n}','HTTP/1.1 200 OK','2016-04-13 12:08:46',30,234,'{\n  \"id\": \"STUB_VALUE\",\n  \"firstName\": \"Lesya\",\n  \"lastName\": \"Ukrainka6l7Te\",\n  \"age\": 29,\n  \"salary\": 0.0\n}','{\n  \"id\": 484,\n  \"firstName\": \"Lesya\",\n  \"lastName\": \"Ukrainka6l7Te\",\n  \"age\": 29,\n  \"salary\": 0.0\n}','Actual response does not match the expected one; Response time exceeded timeout value; ',127,NULL,NULL),(266,'\0',4,3,76,'Creates author <PASS LOG; JSON>','Creates new author','http://localhost:9080/test-service/authors?logging=true','JSON','{\n  \"firstName\": \"Lesya\",\n  \"lastName\": \"UkrainkacqUc9\",\n  \"age\": 29,\n  \"salary\": 0.0\n}','HTTP/1.1 200 OK','2016-04-13 12:11:39',30,231,'{\n  \"id\": \"TEST_OK\",\n  \"firstName\": \"Lesya\",\n  \"lastName\": \"UkrainkacqUc9\",\n  \"age\": 29,\n  \"salary\": 0.0\n}','{\n  \"id\": 485,\n  \"firstName\": \"Lesya\",\n  \"lastName\": \"UkrainkacqUc9\",\n  \"age\": 29,\n  \"salary\": 0.0\n}','Actual response does not match the expected one; Response time exceeded timeout value; ',128,NULL,NULL),(268,'\0',4,3,76,'Creates author <PASS LOG; JSON>','Creates new author','http://localhost:9080/test-service/authors?logging=true','JSON','{\n  \"firstName\": \"Lesya\",\n  \"lastName\": \"UkrainkacFln0\",\n  \"age\": 29,\n  \"salary\": 0.0\n}','HTTP/1.1 200 OK','2016-04-13 12:15:49',30,228,'{\n  \"id\": \"TEST_OK\",\n  \"firstName\": \"Lesya\",\n  \"lastName\": \"UkrainkacFln0\",\n  \"age\": 29,\n  \"salary\": 0.0\n}','{\n  \"id\": 486,\n  \"firstName\": \"Lesya\",\n  \"lastName\": \"UkrainkacFln0\",\n  \"age\": 29,\n  \"salary\": 0.0\n}','Actual response does not match the expected one; Response time exceeded timeout value; ',129,NULL,NULL),(269,'\0',4,3,73,'Loads books for author 295 <PASS JSON>','Loads books for author with id=295','http://localhost:9080/test-service/authors/295/books','JSON',NULL,'HTTP/1.1 200 OK','2016-04-13 12:18:12',30,113,'[\n  {\n    \"id\": 77,\n    \"name\": \"Poplar\",\n    \"year\": 1839,\n    \"authorId\": 295\n  },\n  {\n    \"id\": 78,\n    \"name\": \"Kate\",\n    \"year\": 1839,\n    \"authorId\": 295\n  },\n  {\n    \"id\": 80,\n    \"name\": \"Kobzar\",\n    \"year\": 1840,\n    \"authorId\": 295\n  },\n  {\n    \"id\": 81,\n    \"name\": \"Ivan Pidkova\",\n    \"year\": 1839,\n    \"authorId\": 295\n  }\n]','[\n  {\n    \"id\": 77,\n    \"name\": \"Poplar\",\n    \"year\": 1839,\n    \"authorId\": 295\n  },\n  {\n    \"id\": 78,\n    \"name\": \"Kate\",\n    \"year\": 1839,\n    \"authorId\": 295\n  },\n  {\n    \"id\": 80,\n    \"name\": \"Kobzar\",\n    \"year\": 1840,\n    \"authorId\": 295\n  },\n  {\n    \"id\": 81,\n    \"name\": \"Ivan Pidkova\",\n    \"year\": 1839,\n    \"authorId\": 295\n  }\n]','Response time exceeded timeout value; ',130,NULL,NULL),(270,'\0',4,3,71,'Loads books for author 294 <PASS XML>','Loads books for author with id=294','http://localhost:9080/test-service/authors/294/books','XML',NULL,'HTTP/1.1 200 OK','2016-04-13 12:22:39',30,177,'<?xml version=\"1.0\" encoding=\"UTF-8\"?><books>\n  <book>\n    <authorId>294</authorId>\n    <id>74</id>\n    <name>Three Comrades</name>\n    <year>1937</year>\n  </book>\n  <book>\n    <authorId>294</authorId>\n    <id>75</id>\n    <name>All Quiet on the Western Front</name>\n    <year>1929</year>\n  </book>\n  <book>\n    <authorId>294</authorId>\n    <id>76</id>\n    <name>Arch of Triumph</name>\n    <year>1945</year>\n  </book>\n</books>\n','<?xml version=\"1.0\" encoding=\"UTF-8\"?><books>\n  <book>\n    <authorId>294</authorId>\n    <id>74</id>\n    <name>Three Comrades</name>\n    <year>1937</year>\n  </book>\n  <book>\n    <authorId>294</authorId>\n    <id>75</id>\n    <name>All Quiet on the Western Front</name>\n    <year>1929</year>\n  </book>\n  <book>\n    <authorId>294</authorId>\n    <id>76</id>\n    <name>Arch of Triumph</name>\n    <year>1945</year>\n  </book>\n</books>\n','Response time exceeded timeout value; ',131,NULL,NULL),(271,'\0',4,3,73,'Loads books for author 295 <PASS JSON>','Loads books for author with id=295','http://localhost:9080/test-service/authors/295/books','JSON',NULL,'HTTP/1.1 200 OK','2016-04-13 12:22:59',30,59,'[\n  {\n    \"id\": 77,\n    \"name\": \"Poplar\",\n    \"year\": 1839,\n    \"authorId\": 295\n  },\n  {\n    \"id\": 78,\n    \"name\": \"Kate\",\n    \"year\": 1839,\n    \"authorId\": 295\n  },\n  {\n    \"id\": 80,\n    \"name\": \"Kobzar\",\n    \"year\": 1840,\n    \"authorId\": 295\n  },\n  {\n    \"id\": 81,\n    \"name\": \"Ivan Pidkova\",\n    \"year\": 1839,\n    \"authorId\": 295\n  }\n]','[\n  {\n    \"id\": 77,\n    \"name\": \"Poplar\",\n    \"year\": 1839,\n    \"authorId\": 295\n  },\n  {\n    \"id\": 78,\n    \"name\": \"Kate\",\n    \"year\": 1839,\n    \"authorId\": 295\n  },\n  {\n    \"id\": 80,\n    \"name\": \"Kobzar\",\n    \"year\": 1840,\n    \"authorId\": 295\n  },\n  {\n    \"id\": 81,\n    \"name\": \"Ivan Pidkova\",\n    \"year\": 1839,\n    \"authorId\": 295\n  }\n]','Response time exceeded timeout value; ',132,NULL,NULL),(272,'\0',4,3,76,'Creates author <PASS LOG; JSON>','Creates new author','http://localhost:9080/test-service/authors?logging=true','JSON','{\n  \"firstName\": \"Lesya\",\n  \"lastName\": \"UkrainkajGjkX\",\n  \"age\": 29,\n  \"salary\": 0.0\n}','HTTP/1.1 200 OK','2016-04-13 12:27:13',30,225,'{\n  \"id\": \"TEST_OK\",\n  \"firstName\": \"Lesya\",\n  \"lastName\": \"UkrainkajGjkX\",\n  \"age\": 29,\n  \"salary\": 0.0\n}','{\n  \"id\": 487,\n  \"firstName\": \"Lesya\",\n  \"lastName\": \"UkrainkajGjkX\",\n  \"age\": 29,\n  \"salary\": 0.0\n}','Actual response does not match the expected one; Response time exceeded timeout value; ',133,NULL,NULL),(273,'\0',4,3,73,'Loads books for author 295 <PASS JSON>','Loads books for author with id=295','http://localhost:9080/test-service/authors/295/books','JSON',NULL,'HTTP/1.1 200 OK','2016-04-13 12:27:47',30,111,'[\n  {\n    \"id\": 77,\n    \"name\": \"Poplar\",\n    \"year\": 1839,\n    \"authorId\": 295\n  },\n  {\n    \"id\": 78,\n    \"name\": \"Kate\",\n    \"year\": 1839,\n    \"authorId\": 295\n  },\n  {\n    \"id\": 80,\n    \"name\": \"Kobzar\",\n    \"year\": 1840,\n    \"authorId\": 295\n  },\n  {\n    \"id\": 81,\n    \"name\": \"Ivan Pidkova\",\n    \"year\": 1839,\n    \"authorId\": 295\n  }\n]','[\n  {\n    \"id\": 77,\n    \"name\": \"Poplar\",\n    \"year\": 1839,\n    \"authorId\": 295\n  },\n  {\n    \"id\": 78,\n    \"name\": \"Kate\",\n    \"year\": 1839,\n    \"authorId\": 295\n  },\n  {\n    \"id\": 80,\n    \"name\": \"Kobzar\",\n    \"year\": 1840,\n    \"authorId\": 295\n  },\n  {\n    \"id\": 81,\n    \"name\": \"Ivan Pidkova\",\n    \"year\": 1839,\n    \"authorId\": 295\n  }\n]','Response time exceeded timeout value; ',134,NULL,NULL),(274,'\0',4,3,73,'Loads books for author 295 <PASS JSON>','Loads books for author with id=295','http://localhost:9080/test-service/authors/295/books','JSON',NULL,'HTTP/1.1 200 OK','2016-04-13 12:30:31',30,215,'[\n  {\n    \"id\": 77,\n    \"name\": \"Poplar\",\n    \"year\": 1839,\n    \"authorId\": 295\n  },\n  {\n    \"id\": 78,\n    \"name\": \"Kate\",\n    \"year\": 1839,\n    \"authorId\": 295\n  },\n  {\n    \"id\": 80,\n    \"name\": \"Kobzar\",\n    \"year\": 1840,\n    \"authorId\": 295\n  },\n  {\n    \"id\": 81,\n    \"name\": \"Ivan Pidkova\",\n    \"year\": 1839,\n    \"authorId\": 295\n  }\n]','[\n  {\n    \"id\": 77,\n    \"name\": \"Poplar\",\n    \"year\": 1839,\n    \"authorId\": 295\n  },\n  {\n    \"id\": 78,\n    \"name\": \"Kate\",\n    \"year\": 1839,\n    \"authorId\": 295\n  },\n  {\n    \"id\": 80,\n    \"name\": \"Kobzar\",\n    \"year\": 1840,\n    \"authorId\": 295\n  },\n  {\n    \"id\": 81,\n    \"name\": \"Ivan Pidkova\",\n    \"year\": 1839,\n    \"authorId\": 295\n  }\n]','Response time exceeded timeout value; ',135,NULL,NULL),(275,'\0',4,3,73,'Loads books for author 295 <PASS JSON>','Loads books for author with id=295','http://localhost:9080/test-service/authors/295/books','JSON',NULL,'HTTP/1.1 200 OK','2016-04-13 12:32:10',30,110,'[\n  {\n    \"id\": 77,\n    \"name\": \"Poplar\",\n    \"year\": 1839,\n    \"authorId\": 295\n  },\n  {\n    \"id\": 78,\n    \"name\": \"Kate\",\n    \"year\": 1839,\n    \"authorId\": 295\n  },\n  {\n    \"id\": 80,\n    \"name\": \"Kobzar\",\n    \"year\": 1840,\n    \"authorId\": 295\n  },\n  {\n    \"id\": 81,\n    \"name\": \"Ivan Pidkova\",\n    \"year\": 1839,\n    \"authorId\": 295\n  }\n]','[\n  {\n    \"id\": 77,\n    \"name\": \"Poplar\",\n    \"year\": 1839,\n    \"authorId\": 295\n  },\n  {\n    \"id\": 78,\n    \"name\": \"Kate\",\n    \"year\": 1839,\n    \"authorId\": 295\n  },\n  {\n    \"id\": 80,\n    \"name\": \"Kobzar\",\n    \"year\": 1840,\n    \"authorId\": 295\n  },\n  {\n    \"id\": 81,\n    \"name\": \"Ivan Pidkova\",\n    \"year\": 1839,\n    \"authorId\": 295\n  }\n]','Response time exceeded timeout value; ',136,NULL,NULL),(276,'\0',4,3,73,'Loads books for author 295 <PASS JSON>','Loads books for author with id=295','http://localhost:9080/test-service/authors/295/books','JSON',NULL,'HTTP/1.1 200 OK','2016-04-13 12:33:17',30,114,'[\n  {\n    \"id\": 77,\n    \"name\": \"Poplar\",\n    \"year\": 1839,\n    \"authorId\": 295\n  },\n  {\n    \"id\": 78,\n    \"name\": \"Kate\",\n    \"year\": 1839,\n    \"authorId\": 295\n  },\n  {\n    \"id\": 80,\n    \"name\": \"Kobzar\",\n    \"year\": 1840,\n    \"authorId\": 295\n  },\n  {\n    \"id\": 81,\n    \"name\": \"Ivan Pidkova\",\n    \"year\": 1839,\n    \"authorId\": 295\n  }\n]','[\n  {\n    \"id\": 77,\n    \"name\": \"Poplar\",\n    \"year\": 1839,\n    \"authorId\": 295\n  },\n  {\n    \"id\": 78,\n    \"name\": \"Kate\",\n    \"year\": 1839,\n    \"authorId\": 295\n  },\n  {\n    \"id\": 80,\n    \"name\": \"Kobzar\",\n    \"year\": 1840,\n    \"authorId\": 295\n  },\n  {\n    \"id\": 81,\n    \"name\": \"Ivan Pidkova\",\n    \"year\": 1839,\n    \"authorId\": 295\n  }\n]','Response time exceeded timeout value; ',137,NULL,NULL),(277,'\0',4,3,73,'Loads books for author 295 <PASS JSON>','Loads books for author with id=295','http://localhost:9080/test-service/authors/295/books','JSON',NULL,'HTTP/1.1 200 OK','2016-04-13 12:36:27',30,218,'[\n  {\n    \"id\": 77,\n    \"name\": \"Poplar\",\n    \"year\": 1839,\n    \"authorId\": 295\n  },\n  {\n    \"id\": 78,\n    \"name\": \"Kate\",\n    \"year\": 1839,\n    \"authorId\": 295\n  },\n  {\n    \"id\": 80,\n    \"name\": \"Kobzar\",\n    \"year\": 1840,\n    \"authorId\": 295\n  },\n  {\n    \"id\": 81,\n    \"name\": \"Ivan Pidkova\",\n    \"year\": 1839,\n    \"authorId\": 295\n  }\n]','[\n  {\n    \"id\": 77,\n    \"name\": \"Poplar\",\n    \"year\": 1839,\n    \"authorId\": 295\n  },\n  {\n    \"id\": 78,\n    \"name\": \"Kate\",\n    \"year\": 1839,\n    \"authorId\": 295\n  },\n  {\n    \"id\": 80,\n    \"name\": \"Kobzar\",\n    \"year\": 1840,\n    \"authorId\": 295\n  },\n  {\n    \"id\": 81,\n    \"name\": \"Ivan Pidkova\",\n    \"year\": 1839,\n    \"authorId\": 295\n  }\n]','Response time exceeded timeout value; ',138,NULL,NULL),(278,'\0',4,3,73,'Loads books for author 295 <PASS JSON>','Loads books for author with id=295','http://localhost:9080/test-service/authors/295/books','JSON',NULL,'HTTP/1.1 200 OK','2016-04-13 12:42:37',30,168,'[\n  {\n    \"id\": 77,\n    \"name\": \"Poplar\",\n    \"year\": 1839,\n    \"authorId\": 295\n  },\n  {\n    \"id\": 78,\n    \"name\": \"Kate\",\n    \"year\": 1839,\n    \"authorId\": 295\n  },\n  {\n    \"id\": 80,\n    \"name\": \"Kobzar\",\n    \"year\": 1840,\n    \"authorId\": 295\n  },\n  {\n    \"id\": 81,\n    \"name\": \"Ivan Pidkova\",\n    \"year\": 1839,\n    \"authorId\": 295\n  }\n]','[\n  {\n    \"id\": 77,\n    \"name\": \"Poplar\",\n    \"year\": 1839,\n    \"authorId\": 295\n  },\n  {\n    \"id\": 78,\n    \"name\": \"Kate\",\n    \"year\": 1839,\n    \"authorId\": 295\n  },\n  {\n    \"id\": 80,\n    \"name\": \"Kobzar\",\n    \"year\": 1840,\n    \"authorId\": 295\n  },\n  {\n    \"id\": 81,\n    \"name\": \"Ivan Pidkova\",\n    \"year\": 1839,\n    \"authorId\": 295\n  }\n]','Response time exceeded timeout value; ',139,NULL,NULL),(279,'\0',4,3,73,'Loads books for author 295 <PASS JSON>','Loads books for author with id=295','http://localhost:9080/test-service/authors/295/books','JSON',NULL,'HTTP/1.1 200 OK','2016-04-13 12:43:17',30,112,'[\n  {\n    \"id\": 77,\n    \"name\": \"Poplar\",\n    \"year\": 1839,\n    \"authorId\": 295\n  },\n  {\n    \"id\": 78,\n    \"name\": \"Kate\",\n    \"year\": 1839,\n    \"authorId\": 295\n  },\n  {\n    \"id\": 80,\n    \"name\": \"Kobzar\",\n    \"year\": 1840,\n    \"authorId\": 295\n  },\n  {\n    \"id\": 81,\n    \"name\": \"Ivan Pidkova\",\n    \"year\": 1839,\n    \"authorId\": 295\n  }\n]','[\n  {\n    \"id\": 77,\n    \"name\": \"Poplar\",\n    \"year\": 1839,\n    \"authorId\": 295\n  },\n  {\n    \"id\": 78,\n    \"name\": \"Kate\",\n    \"year\": 1839,\n    \"authorId\": 295\n  },\n  {\n    \"id\": 80,\n    \"name\": \"Kobzar\",\n    \"year\": 1840,\n    \"authorId\": 295\n  },\n  {\n    \"id\": 81,\n    \"name\": \"Ivan Pidkova\",\n    \"year\": 1839,\n    \"authorId\": 295\n  }\n]','Response time exceeded timeout value; ',140,NULL,NULL),(280,'\0',4,3,73,'Loads books for author 295 <PASS JSON>','Loads books for author with id=295','http://localhost:9080/test-service/authors/295/books','JSON',NULL,'HTTP/1.1 200 OK','2016-04-13 12:44:27',30,126,'[\n  {\n    \"id\": 77,\n    \"name\": \"Poplar\",\n    \"year\": 1839,\n    \"authorId\": 295\n  },\n  {\n    \"id\": 78,\n    \"name\": \"Kate\",\n    \"year\": 1839,\n    \"authorId\": 295\n  },\n  {\n    \"id\": 80,\n    \"name\": \"Kobzar\",\n    \"year\": 1840,\n    \"authorId\": 295\n  },\n  {\n    \"id\": 81,\n    \"name\": \"Ivan Pidkova\",\n    \"year\": 1839,\n    \"authorId\": 295\n  }\n]','[\n  {\n    \"id\": 77,\n    \"name\": \"Poplar\",\n    \"year\": 1839,\n    \"authorId\": 295\n  },\n  {\n    \"id\": 78,\n    \"name\": \"Kate\",\n    \"year\": 1839,\n    \"authorId\": 295\n  },\n  {\n    \"id\": 80,\n    \"name\": \"Kobzar\",\n    \"year\": 1840,\n    \"authorId\": 295\n  },\n  {\n    \"id\": 81,\n    \"name\": \"Ivan Pidkova\",\n    \"year\": 1839,\n    \"authorId\": 295\n  }\n]','Response time exceeded timeout value; ',141,NULL,NULL),(281,'\0',4,3,76,'Creates author <PASS LOG; JSON>','Creates new author','http://localhost:9080/test-service/authors?logging=true','JSON','{\n  \"firstName\": \"Lesya\",\n  \"lastName\": \"UkrainkaSXx4c\",\n  \"age\": 29,\n  \"salary\": 0.0\n}','HTTP/1.1 200 OK','2016-04-13 12:45:21',30,165,'{\n  \"id\": \"TEST_OK\",\n  \"firstName\": \"Lesya\",\n  \"lastName\": \"UkrainkaSXx4c\",\n  \"age\": 29,\n  \"salary\": 0.0\n}','{\n  \"id\": 488,\n  \"firstName\": \"Lesya\",\n  \"lastName\": \"UkrainkaSXx4c\",\n  \"age\": 29,\n  \"salary\": 0.0\n}','Actual response does not match the expected one; Response time exceeded timeout value; ',142,NULL,NULL),(282,'\0',4,3,76,'Creates author <PASS LOG; JSON>','Creates new author','http://localhost:9080/test-service/authors?logging=true','JSON','{\n  \"firstName\": \"Lesya\",\n  \"lastName\": \"Ukrainkadkpmp\",\n  \"age\": 29,\n  \"salary\": 0.0\n}','HTTP/1.1 200 OK','2016-04-13 12:46:14',30,173,'{\n  \"id\": \"TEST_OK\",\n  \"firstName\": \"Lesya\",\n  \"lastName\": \"Ukrainkadkpmp\",\n  \"age\": 29,\n  \"salary\": 0.0\n}','{\n  \"id\": 489,\n  \"firstName\": \"Lesya\",\n  \"lastName\": \"Ukrainkadkpmp\",\n  \"age\": 29,\n  \"salary\": 0.0\n}','Actual response does not match the expected one; Response time exceeded timeout value; ',143,NULL,NULL),(283,'\0',4,3,76,'Creates author <PASS LOG; JSON>','Creates new author','http://localhost:9080/test-service/authors?logging=true','JSON','{\n  \"firstName\": \"Lesya\",\n  \"lastName\": \"Ukrainka3nn1S\",\n  \"age\": 29,\n  \"salary\": 0.0\n}','HTTP/1.1 200 OK','2016-04-13 12:48:13',30,2761,'{\n  \"id\": \"TEST_OK\",\n  \"firstName\": \"Lesya\",\n  \"lastName\": \"Ukrainka3nn1S\",\n  \"age\": 29,\n  \"salary\": 0.0\n}','{\n  \"id\": 490,\n  \"firstName\": \"Lesya\",\n  \"lastName\": \"Ukrainka3nn1S\",\n  \"age\": 29,\n  \"salary\": 0.0\n}','Actual response does not match the expected one; Response time exceeded timeout value; ',144,NULL,NULL),(284,'\0',4,3,76,'Creates author <PASS LOG; JSON>','Creates new author','http://localhost:9080/test-service/authors?logging=true','JSON','{\n  \"firstName\": \"Lesya\",\n  \"lastName\": \"UkrainkarmN4j\",\n  \"age\": 29,\n  \"salary\": 0.0\n}','HTTP/1.1 200 OK','2016-04-13 12:50:16',30,271,'{\n  \"id\": \"TEST_OK\",\n  \"firstName\": \"Lesya\",\n  \"lastName\": \"UkrainkarmN4j\",\n  \"age\": 29,\n  \"salary\": 0.0\n}','{\n  \"id\": 491,\n  \"firstName\": \"Lesya\",\n  \"lastName\": \"UkrainkarmN4j\",\n  \"age\": 29,\n  \"salary\": 0.0\n}','Actual response does not match the expected one; Response time exceeded timeout value; ',145,NULL,NULL),(285,'\0',4,3,76,'Creates author <PASS LOG; JSON>','Creates new author','http://localhost:9080/test-service/authors?logging=true','JSON','{\n  \"firstName\": \"Lesya\",\n  \"lastName\": \"Ukrainka867nT\",\n  \"age\": 29,\n  \"salary\": 0.0\n}','HTTP/1.1 200 OK','2016-04-13 12:53:31',30,220,'{\n  \"id\": \"TEST_OK\",\n  \"firstName\": \"Lesya\",\n  \"lastName\": \"Ukrainka867nT\",\n  \"age\": 29,\n  \"salary\": 0.0\n}','{\n  \"id\": 492,\n  \"firstName\": \"Lesya\",\n  \"lastName\": \"Ukrainka867nT\",\n  \"age\": 29,\n  \"salary\": 0.0\n}','Actual response does not match the expected one; Response time exceeded timeout value; ',146,NULL,NULL),(286,'\0',4,3,66,'Loads author 294 <PASS XML>','Loads author with id=294','http://localhost:9080/test-service/authors/294','XML',NULL,'HTTP/1.1 200 OK','2016-04-13 12:55:12',1000,405,'<?xml version=\"1.0\" encoding=\"UTF-8\"?><author>\r\n  <age>72</age>\r\n  <firstName>Erich Maria</firstName>\r\n  <id>294</id>\r\n  <lastName>Remarque</lastName>\r\n  <salary>0.0</salary>\r\n</author>\r\n','<?xml version=\"1.0\" encoding=\"UTF-8\"?><author>\n  <age>72</age>\n  <firstName>Erich Maria</firstName>\n  <id>294</id>\n  <lastName>Remarque</lastName>\n  <salary>0.0</salary>\n</author>\n','Actual response does not match the expected one; ',147,NULL,NULL),(287,'',4,3,67,'Loads author 294 <PASS JSON>','Loads author with id=294','http://localhost:9080/test-service/authors/294','JSON',NULL,'HTTP/1.1 200 OK','2016-04-13 12:55:42',1000,111,'{\n  \"id\": 294,\n  \"firstName\": \"Erich Maria\",\n  \"lastName\": \"Remarque\",\n  \"age\": 72,\n  \"salary\": 0.0\n}','{\n  \"id\": 294,\n  \"firstName\": \"Erich Maria\",\n  \"lastName\": \"Remarque\",\n  \"age\": 72,\n  \"salary\": 0.0\n}','OK',148,NULL,NULL),(288,'\0',4,3,70,'Loads books for author 294 <PASS JSON>','Loads books for author with id=294','http://localhost:9080/test-service/authors/294/books','JSON',NULL,'HTTP/1.1 200 OK','2016-04-13 12:56:50',30,125,'[\n  {\n    \"id\": 74,\n    \"name\": \"Three Comrades\",\n    \"year\": 1937,\n    \"authorId\": 294\n  },\n  {\n    \"id\": 75,\n    \"name\": \"All Quiet on the Western Front\",\n    \"year\": 1929,\n    \"authorId\": 294\n  },\n  {\n    \"id\": 76,\n    \"name\": \"Arch of Triumph\",\n    \"year\": 1945,\n    \"authorId\": 294\n  }\n]','[\n  {\n    \"id\": 74,\n    \"name\": \"Three Comrades\",\n    \"year\": 1937,\n    \"authorId\": 294\n  },\n  {\n    \"id\": 75,\n    \"name\": \"All Quiet on the Western Front\",\n    \"year\": 1929,\n    \"authorId\": 294\n  },\n  {\n    \"id\": 76,\n    \"name\": \"Arch of Triumph\",\n    \"year\": 1945,\n    \"authorId\": 294\n  }\n]','Response time exceeded timeout value; ',149,NULL,NULL),(289,'\0',4,3,71,'Loads books for author 294 <PASS XML>','Loads books for author with id=294','http://localhost:9080/test-service/authors/294/books','XML',NULL,'HTTP/1.1 200 OK','2016-04-13 12:57:14',30,125,'<?xml version=\"1.0\" encoding=\"UTF-8\"?><books>\n  <book>\n    <authorId>294</authorId>\n    <id>74</id>\n    <name>Three Comrades</name>\n    <year>1937</year>\n  </book>\n  <book>\n    <authorId>294</authorId>\n    <id>75</id>\n    <name>All Quiet on the Western Front</name>\n    <year>1929</year>\n  </book>\n  <book>\n    <authorId>294</authorId>\n    <id>76</id>\n    <name>Arch of Triumph</name>\n    <year>1945</year>\n  </book>\n</books>\n','<?xml version=\"1.0\" encoding=\"UTF-8\"?><books>\n  <book>\n    <authorId>294</authorId>\n    <id>74</id>\n    <name>Three Comrades</name>\n    <year>1937</year>\n  </book>\n  <book>\n    <authorId>294</authorId>\n    <id>75</id>\n    <name>All Quiet on the Western Front</name>\n    <year>1929</year>\n  </book>\n  <book>\n    <authorId>294</authorId>\n    <id>76</id>\n    <name>Arch of Triumph</name>\n    <year>1945</year>\n  </book>\n</books>\n','Response time exceeded timeout value; ',150,NULL,NULL),(290,'\0',4,3,73,'Loads books for author 295 <PASS JSON>','Loads books for author with id=295','http://localhost:9080/test-service/authors/295/books','JSON',NULL,'HTTP/1.1 200 OK','2016-04-13 13:09:46',30,2720,'[\n  {\n    \"id\": 77,\n    \"name\": \"Poplar\",\n    \"year\": 1839,\n    \"authorId\": 295\n  },\n  {\n    \"id\": 78,\n    \"name\": \"Kate\",\n    \"year\": 1839,\n    \"authorId\": 295\n  },\n  {\n    \"id\": 80,\n    \"name\": \"Kobzar\",\n    \"year\": 1840,\n    \"authorId\": 295\n  },\n  {\n    \"id\": 81,\n    \"name\": \"Ivan Pidkova\",\n    \"year\": 1839,\n    \"authorId\": 295\n  }\n]','[\n  {\n    \"id\": 77,\n    \"name\": \"Poplar\",\n    \"year\": 1839,\n    \"authorId\": 295\n  },\n  {\n    \"id\": 78,\n    \"name\": \"Kate\",\n    \"year\": 1839,\n    \"authorId\": 295\n  },\n  {\n    \"id\": 80,\n    \"name\": \"Kobzar\",\n    \"year\": 1840,\n    \"authorId\": 295\n  },\n  {\n    \"id\": 81,\n    \"name\": \"Ivan Pidkova\",\n    \"year\": 1839,\n    \"authorId\": 295\n  }\n]','Response time exceeded timeout value; ',151,NULL,NULL),(291,'\0',4,3,67,'Loads author 294 <PASS JSON>','Loads author with id=294','http://localhost:9080/test-service/authors/294','JSON',NULL,'HTTP/1.1 200 OK','2016-04-13 13:11:47',1000,3375,'{\n  \"id\": 294,\n  \"firstName\": \"Erich Maria\",\n  \"lastName\": \"Remarque\",\n  \"age\": 72,\n  \"salary\": 0.0\n}','{\n  \"id\": 294,\n  \"firstName\": \"Erich Maria\",\n  \"lastName\": \"Remarque\",\n  \"age\": 72,\n  \"salary\": 0.0\n}','Response time exceeded timeout value; ',152,NULL,NULL),(292,'',4,3,66,'Loads author 294 <PASS XML>','Loads author with id=294','http://localhost:9080/test-service/authors/294','XML',NULL,'HTTP/1.1 200 OK','2016-04-13 13:12:35',1000,432,'<?xml version=\"1.0\" encoding=\"UTF-8\"?><author>\r\n  <age>72</age>\r\n  <firstName>Erich Maria</firstName>\r\n  <id>294</id>\r\n  <lastName>Remarque</lastName>\r\n  <salary>0.0</salary>\r\n</author>\r\n','<?xml version=\"1.0\" encoding=\"UTF-8\"?><author>\r\n  <age>72</age>\r\n  <firstName>Erich Maria</firstName>\r\n  <id>294</id>\r\n  <lastName>Remarque</lastName>\r\n  <salary>0.0</salary>\r\n</author>\r\n','OK',153,NULL,NULL),(293,'\0',4,3,73,'Loads books for author 295 <PASS JSON>','Loads books for author with id=295','http://localhost:9080/test-service/authors/295/books','JSON',NULL,'HTTP/1.1 200 OK','2016-04-13 13:13:25',30,112,'[\n  {\n    \"id\": 77,\n    \"name\": \"Poplar\",\n    \"year\": 1839,\n    \"authorId\": 295\n  },\n  {\n    \"id\": 78,\n    \"name\": \"Kate\",\n    \"year\": 1839,\n    \"authorId\": 295\n  },\n  {\n    \"id\": 80,\n    \"name\": \"Kobzar\",\n    \"year\": 1840,\n    \"authorId\": 295\n  },\n  {\n    \"id\": 81,\n    \"name\": \"Ivan Pidkova\",\n    \"year\": 1839,\n    \"authorId\": 295\n  }\n]','[\n  {\n    \"id\": 77,\n    \"name\": \"Poplar\",\n    \"year\": 1839,\n    \"authorId\": 295\n  },\n  {\n    \"id\": 78,\n    \"name\": \"Kate\",\n    \"year\": 1839,\n    \"authorId\": 295\n  },\n  {\n    \"id\": 80,\n    \"name\": \"Kobzar\",\n    \"year\": 1840,\n    \"authorId\": 295\n  },\n  {\n    \"id\": 81,\n    \"name\": \"Ivan Pidkova\",\n    \"year\": 1839,\n    \"authorId\": 295\n  }\n]','Response time exceeded timeout value; ',154,NULL,NULL),(294,'',4,3,66,'Loads author 294 <PASS XML>','Loads author with id=294','http://localhost:9080/test-service/authors/294','XML',NULL,'HTTP/1.1 200 OK','2016-04-13 13:12:59',1000,121,'<?xml version=\"1.0\" encoding=\"UTF-8\"?><author>\r\n  <age>72</age>\r\n  <firstName>Erich Maria</firstName>\r\n  <id>294</id>\r\n  <lastName>Remarque</lastName>\r\n  <salary>0.0</salary>\r\n</author>\r\n','<?xml version=\"1.0\" encoding=\"UTF-8\"?><author>\r\n  <age>72</age>\r\n  <firstName>Erich Maria</firstName>\r\n  <id>294</id>\r\n  <lastName>Remarque</lastName>\r\n  <salary>0.0</salary>\r\n</author>\r\n','OK',155,35,NULL),(295,'',4,3,67,'Loads author 294 <PASS JSON>','Loads author with id=294','http://localhost:9080/test-service/authors/294','JSON',NULL,'HTTP/1.1 200 OK','2016-04-13 13:13:01',1000,47,'{\n  \"id\": 294,\n  \"firstName\": \"Erich Maria\",\n  \"lastName\": \"Remarque\",\n  \"age\": 72,\n  \"salary\": 0.0\n}','{\n  \"id\": 294,\n  \"firstName\": \"Erich Maria\",\n  \"lastName\": \"Remarque\",\n  \"age\": 72,\n  \"salary\": 0.0\n}','OK',155,35,NULL),(296,'',4,3,67,'Loads author 294 <PASS JSON>','Loads author with id=294','http://localhost:9080/test-service/authors/294','JSON',NULL,'HTTP/1.1 200 OK','2016-04-13 13:14:05',1000,206,'{\n  \"id\": 294,\n  \"firstName\": \"Erich Maria\",\n  \"lastName\": \"Remarque\",\n  \"age\": 72,\n  \"salary\": 0.0\n}','{\n  \"id\": 294,\n  \"firstName\": \"Erich Maria\",\n  \"lastName\": \"Remarque\",\n  \"age\": 72,\n  \"salary\": 0.0\n}','OK',156,NULL,NULL),(297,'',4,3,66,'Loads author 294 <PASS XML>','Loads author with id=294','http://localhost:9080/test-service/authors/294/books','XML',NULL,'HTTP/1.1 200 OK','2016-04-13 13:16:04',1000,95,'<?xml version=\"1.0\" encoding=\"UTF-8\"?><author>\r\n  <age>72</age>\r\n  <firstName>Erich Maria</firstName>\r\n  <id>294</id>\r\n  <lastName>Remarque</lastName>\r\n  <salary>0.0</salary>\r\n</author>\r\n','<?xml version=\"1.0\" encoding=\"UTF-8\"?><author>\r\n  <age>72</age>\r\n  <firstName>Erich Maria</firstName>\r\n  <id>294</id>\r\n  <lastName>Remarque</lastName>\r\n  <salary>0.0</salary>\r\n</author>\r\n','OK',157,37,NULL),(298,'',4,3,67,'Loads author 294 <PASS JSON>','Loads author with id=294','http://localhost:9080/test-service/authors/294/books','JSON',NULL,'HTTP/1.1 200 OK','2016-04-13 13:16:05',1000,43,'{\n  \"id\": 294,\n  \"firstName\": \"Erich Maria\",\n  \"lastName\": \"Remarque\",\n  \"age\": 72,\n  \"salary\": 0.0\n}','{\n  \"id\": 294,\n  \"firstName\": \"Erich Maria\",\n  \"lastName\": \"Remarque\",\n  \"age\": 72,\n  \"salary\": 0.0\n}','OK',157,37,NULL),(299,'\0',4,3,70,'Loads books for author 294 <PASS JSON>','Loads books for author with id=294','http://localhost:9080/test-service/authors/294/books','JSON',NULL,'HTTP/1.1 200 OK','2016-04-13 13:16:07',30,105,'[\n  {\n    \"id\": 74,\n    \"name\": \"Three Comrades\",\n    \"year\": 1937,\n    \"authorId\": 294\n  },\n  {\n    \"id\": 75,\n    \"name\": \"All Quiet on the Western Front\",\n    \"year\": 1929,\n    \"authorId\": 294\n  },\n  {\n    \"id\": 76,\n    \"name\": \"Arch of Triumph\",\n    \"year\": 1945,\n    \"authorId\": 294\n  }\n]','[\n  {\n    \"id\": 74,\n    \"name\": \"Three Comrades\",\n    \"year\": 1937,\n    \"authorId\": 294\n  },\n  {\n    \"id\": 75,\n    \"name\": \"All Quiet on the Western Front\",\n    \"year\": 1929,\n    \"authorId\": 294\n  },\n  {\n    \"id\": 76,\n    \"name\": \"Arch of Triumph\",\n    \"year\": 1945,\n    \"authorId\": 294\n  }\n]','Response time exceeded timeout value; ',157,37,NULL),(300,'\0',4,3,73,'Loads books for author 295 <PASS JSON>','Loads books for author with id=295','http://localhost:9080/test-service/authors/295/books','JSON',NULL,'HTTP/1.1 200 OK','2016-04-13 13:17:17',30,125,'[\n  {\n    \"id\": 77,\n    \"name\": \"Poplar\",\n    \"year\": 1839,\n    \"authorId\": 295\n  },\n  {\n    \"id\": 78,\n    \"name\": \"Kate\",\n    \"year\": 1839,\n    \"authorId\": 295\n  },\n  {\n    \"id\": 80,\n    \"name\": \"Kobzar\",\n    \"year\": 1840,\n    \"authorId\": 295\n  },\n  {\n    \"id\": 81,\n    \"name\": \"Ivan Pidkova\",\n    \"year\": 1839,\n    \"authorId\": 295\n  }\n]','[\n  {\n    \"id\": 77,\n    \"name\": \"Poplar\",\n    \"year\": 1839,\n    \"authorId\": 295\n  },\n  {\n    \"id\": 78,\n    \"name\": \"Kate\",\n    \"year\": 1839,\n    \"authorId\": 295\n  },\n  {\n    \"id\": 80,\n    \"name\": \"Kobzar\",\n    \"year\": 1840,\n    \"authorId\": 295\n  },\n  {\n    \"id\": 81,\n    \"name\": \"Ivan Pidkova\",\n    \"year\": 1839,\n    \"authorId\": 295\n  }\n]','Response time exceeded timeout value; ',158,NULL,NULL),(301,'\0',4,3,73,'Loads books for author 295 <PASS JSON>','Loads books for author with id=295','http://localhost:9080/test-service/authors/295/books','JSON',NULL,'HTTP/1.1 200 OK','2016-04-13 13:24:29',30,187,'[\n  {\n    \"id\": 77,\n    \"name\": \"Poplar\",\n    \"year\": 1839,\n    \"authorId\": 295\n  },\n  {\n    \"id\": 78,\n    \"name\": \"Kate\",\n    \"year\": 1839,\n    \"authorId\": 295\n  },\n  {\n    \"id\": 80,\n    \"name\": \"Kobzar\",\n    \"year\": 1840,\n    \"authorId\": 295\n  },\n  {\n    \"id\": 81,\n    \"name\": \"Ivan Pidkova\",\n    \"year\": 1839,\n    \"authorId\": 295\n  }\n]','[\n  {\n    \"id\": 77,\n    \"name\": \"Poplar\",\n    \"year\": 1839,\n    \"authorId\": 295\n  },\n  {\n    \"id\": 78,\n    \"name\": \"Kate\",\n    \"year\": 1839,\n    \"authorId\": 295\n  },\n  {\n    \"id\": 80,\n    \"name\": \"Kobzar\",\n    \"year\": 1840,\n    \"authorId\": 295\n  },\n  {\n    \"id\": 81,\n    \"name\": \"Ivan Pidkova\",\n    \"year\": 1839,\n    \"authorId\": 295\n  }\n]','Response time exceeded timeout value; ',159,NULL,NULL),(302,'\0',4,3,73,'Loads books for author 295 <PASS JSON>','Loads books for author with id=295','http://localhost:9080/test-service/authors/295/books','JSON',NULL,'HTTP/1.1 200 OK','2016-04-13 13:31:38',30,315,'[\n  {\n    \"id\": 77,\n    \"name\": \"Poplar\",\n    \"year\": 1839,\n    \"authorId\": 295\n  },\n  {\n    \"id\": 78,\n    \"name\": \"Kate\",\n    \"year\": 1839,\n    \"authorId\": 295\n  },\n  {\n    \"id\": 80,\n    \"name\": \"Kobzar\",\n    \"year\": 1840,\n    \"authorId\": 295\n  },\n  {\n    \"id\": 81,\n    \"name\": \"Ivan Pidkova\",\n    \"year\": 1839,\n    \"authorId\": 295\n  }\n]','[\n  {\n    \"id\": 77,\n    \"name\": \"Poplar\",\n    \"year\": 1839,\n    \"authorId\": 295\n  },\n  {\n    \"id\": 78,\n    \"name\": \"Kate\",\n    \"year\": 1839,\n    \"authorId\": 295\n  },\n  {\n    \"id\": 80,\n    \"name\": \"Kobzar\",\n    \"year\": 1840,\n    \"authorId\": 295\n  },\n  {\n    \"id\": 81,\n    \"name\": \"Ivan Pidkova\",\n    \"year\": 1839,\n    \"authorId\": 295\n  }\n]','Response time exceeded timeout value; ',160,NULL,NULL),(303,'\0',4,3,73,'Loads books for author 295 <PASS JSON>','Loads books for author with id=295','http://localhost:9080/test-service/authors/295/books','JSON',NULL,'HTTP/1.1 200 OK','2016-04-13 13:32:04',30,269,'[\n  {\n    \"id\": 77,\n    \"name\": \"Poplar\",\n    \"year\": 1839,\n    \"authorId\": 295\n  },\n  {\n    \"id\": 78,\n    \"name\": \"Kate\",\n    \"year\": 1839,\n    \"authorId\": 295\n  },\n  {\n    \"id\": 80,\n    \"name\": \"Kobzar\",\n    \"year\": 1840,\n    \"authorId\": 295\n  },\n  {\n    \"id\": 81,\n    \"name\": \"Ivan Pidkova\",\n    \"year\": 1839,\n    \"authorId\": 295\n  }\n]','[\n  {\n    \"id\": 77,\n    \"name\": \"Poplar\",\n    \"year\": 1839,\n    \"authorId\": 295\n  },\n  {\n    \"id\": 78,\n    \"name\": \"Kate\",\n    \"year\": 1839,\n    \"authorId\": 295\n  },\n  {\n    \"id\": 80,\n    \"name\": \"Kobzar\",\n    \"year\": 1840,\n    \"authorId\": 295\n  },\n  {\n    \"id\": 81,\n    \"name\": \"Ivan Pidkova\",\n    \"year\": 1839,\n    \"authorId\": 295\n  }\n]','Response time exceeded timeout value; ',161,NULL,NULL),(304,'\0',4,3,73,'Loads books for author 295 <PASS JSON>','Loads books for author with id=295','http://localhost:9080/test-service/authors/295/books','JSON',NULL,'HTTP/1.1 200 OK','2016-04-13 13:57:04',30,441,'[\n  {\n    \"id\": 77,\n    \"name\": \"Poplar\",\n    \"year\": 1839,\n    \"authorId\": 295\n  },\n  {\n    \"id\": 78,\n    \"name\": \"Kate\",\n    \"year\": 1839,\n    \"authorId\": 295\n  },\n  {\n    \"id\": 80,\n    \"name\": \"Kobzar\",\n    \"year\": 1840,\n    \"authorId\": 295\n  },\n  {\n    \"id\": 81,\n    \"name\": \"Ivan Pidkova\",\n    \"year\": 1839,\n    \"authorId\": 295\n  }\n]','[\n  {\n    \"id\": 77,\n    \"name\": \"Poplar\",\n    \"year\": 1839,\n    \"authorId\": 295\n  },\n  {\n    \"id\": 78,\n    \"name\": \"Kate\",\n    \"year\": 1839,\n    \"authorId\": 295\n  },\n  {\n    \"id\": 80,\n    \"name\": \"Kobzar\",\n    \"year\": 1840,\n    \"authorId\": 295\n  },\n  {\n    \"id\": 81,\n    \"name\": \"Ivan Pidkova\",\n    \"year\": 1839,\n    \"authorId\": 295\n  }\n]','Response time exceeded timeout value; ',162,NULL,NULL),(305,'\0',4,3,71,'Loads books for author 294 <PASS XML>','Loads books for author with id=294','http://localhost:9080/test-service/authors/294/books','XML',NULL,'HTTP/1.1 200 OK','2016-04-13 14:53:29',30,132,'<?xml version=\"1.0\" encoding=\"UTF-8\"?><books>\n  <book>\n    <authorId>294</authorId>\n    <id>74</id>\n    <name>Three Comrades</name>\n    <year>1937</year>\n  </book>\n  <book>\n    <authorId>294</authorId>\n    <id>75</id>\n    <name>All Quiet on the Western Front</name>\n    <year>1929</year>\n  </book>\n  <book>\n    <authorId>294</authorId>\n    <id>76</id>\n    <name>Arch of Triumph</name>\n    <year>1945</year>\n  </book>\n</books>\n','<?xml version=\"1.0\" encoding=\"UTF-8\"?><books>\r\n  <book>\r\n    <authorId>294</authorId>\r\n    <id>74</id>\r\n    <name>Three Comrades</name>\r\n    <year>1937</year>\r\n  </book>\r\n  <book>\r\n    <authorId>294</authorId>\r\n    <id>75</id>\r\n    <name>All Quiet on the Western Front</name>\r\n    <year>1929</year>\r\n  </book>\r\n  <book>\r\n    <authorId>294</authorId>\r\n    <id>76</id>\r\n    <name>Arch of Triumph</name>\r\n    <year>1945</year>\r\n  </book>\r\n</books>\r\n','Actual response does not match the expected one; Response time exceeded timeout value; ',163,35,4),(306,'\0',4,3,67,'Loads author 294 <PASS JSON>','Loads author with id=294','http://localhost:9080/test-service/authors/294','JSON',NULL,'HTTP/1.1 200 OK','2016-04-13 15:07:35',1000,2596,'{\n  \"id\": 294,\n  \"firstName\": \"Erich Maria\",\n  \"lastName\": \"Remarque\",\n  \"age\": 72,\n  \"salary\": 0.0\n}','{\n  \"id\": 294,\n  \"firstName\": \"Erich Maria\",\n  \"lastName\": \"Remarque\",\n  \"age\": 72,\n  \"salary\": 0.0\n}','Response time exceeded timeout value; ',164,NULL,NULL),(307,'',4,3,67,'Loads author 294 <PASS JSON>','Loads author with id=294','http://localhost:9080/test-service/authors/294','JSON',NULL,'HTTP/1.1 200 OK','2016-04-13 15:07:49',1000,72,'{\n  \"id\": 294,\n  \"firstName\": \"Erich Maria\",\n  \"lastName\": \"Remarque\",\n  \"age\": 72,\n  \"salary\": 0.0\n}','{\n  \"id\": 294,\n  \"firstName\": \"Erich Maria\",\n  \"lastName\": \"Remarque\",\n  \"age\": 72,\n  \"salary\": 0.0\n}','OK',165,NULL,NULL),(308,'\0',4,3,71,'Loads books for author 294 <PASS XML>','Loads books for author with id=294','http://localhost:9080/test-service/authors/294/books','XML',NULL,'HTTP/1.1 401 Unauthorized','2016-04-13 15:08:21',30,948,'<?xml version=\"1.0\" encoding=\"UTF-8\"?><books>\n  <book>\n    <authorId>294</authorId>\n    <id>74</id>\n    <name>Three Comrades</name>\n    <year>1937</year>\n  </book>\n  <book>\n    <authorId>294</authorId>\n    <id>75</id>\n    <name>All Quiet on the Western Front</name>\n    <year>1929</year>\n  </book>\n  <book>\n    <authorId>294</authorId>\n    <id>76</id>\n    <name>Arch of Triumph</name>\n    <year>1945</year>\n  </book>\n</books>\n',NULL,'Actual response does not match the expected one; Response time exceeded timeout value; ',166,NULL,NULL),(309,'\0',4,3,76,'Creates author <PASS LOG; JSON>','Creates new author','http://localhost:9080/test-service/authors?logging=true','JSON','{\n  \"firstName\": \"Lesya\",\n  \"lastName\": \"Ukrainkap0e8T\",\n  \"age\": 29,\n  \"salary\": 0.0\n}','HTTP/1.1 401 Unauthorized','2016-04-13 15:11:07',30,13,'{\n  \"id\": \"TEST_OK\",\n  \"firstName\": \"Lesya\",\n  \"lastName\": \"Ukrainkap0e8T\",\n  \"age\": 29,\n  \"salary\": 0.0\n}',NULL,'Actual response does not match the expected one; ',167,NULL,NULL),(310,'\0',4,3,71,'Loads books for author 294 <PASS XML>','Loads books for author with id=294','http://localhost:9080/test-service/authors/294/books','XML',NULL,'HTTP/1.1 200 OK','2016-04-13 15:12:20',30,168,'<?xml version=\"1.0\" encoding=\"UTF-8\"?><books>\n  <book>\n    <authorId>294</authorId>\n    <id>74</id>\n    <name>Three Comrades</name>\n    <year>1937</year>\n  </book>\n  <book>\n    <authorId>294</authorId>\n    <id>75</id>\n    <name>All Quiet on the Western Front</name>\n    <year>1929</year>\n  </book>\n  <book>\n    <authorId>294</authorId>\n    <id>76</id>\n    <name>Arch of Triumph</name>\n    <year>1945</year>\n  </book>\n</books>\n','<?xml version=\"1.0\" encoding=\"UTF-8\"?><books>\r\n  <book>\r\n    <authorId>294</authorId>\r\n    <id>74</id>\r\n    <name>Three Comrades</name>\r\n    <year>1937</year>\r\n  </book>\r\n  <book>\r\n    <authorId>294</authorId>\r\n    <id>75</id>\r\n    <name>All Quiet on the Western Front</name>\r\n    <year>1929</year>\r\n  </book>\r\n  <book>\r\n    <authorId>294</authorId>\r\n    <id>76</id>\r\n    <name>Arch of Triumph</name>\r\n    <year>1945</year>\r\n  </book>\r\n</books>\r\n','Actual response does not match the expected one; Response time exceeded timeout value; ',168,35,4),(311,'',4,3,66,'Loads author 294 <PASS XML>','Loads author with id=294','http://localhost:9080/test-service/authors/294/books','XML',NULL,'HTTP/1.1 200 OK','2016-04-13 15:13:21',1000,63,'<?xml version=\"1.0\" encoding=\"UTF-8\"?><author>\r\n  <age>72</age>\r\n  <firstName>Erich Maria</firstName>\r\n  <id>294</id>\r\n  <lastName>Remarque</lastName>\r\n  <salary>0.0</salary>\r\n</author>\r\n','<?xml version=\"1.0\" encoding=\"UTF-8\"?><author>\r\n  <age>72</age>\r\n  <firstName>Erich Maria</firstName>\r\n  <id>294</id>\r\n  <lastName>Remarque</lastName>\r\n  <salary>0.0</salary>\r\n</author>\r\n','OK',169,37,4),(312,'',4,3,67,'Loads author 294 <PASS JSON>','Loads author with id=294','http://localhost:9080/test-service/authors/294/books','JSON',NULL,'HTTP/1.1 200 OK','2016-04-13 15:13:23',1000,54,'{\n  \"id\": 294,\n  \"firstName\": \"Erich Maria\",\n  \"lastName\": \"Remarque\",\n  \"age\": 72,\n  \"salary\": 0.0\n}','{\n  \"id\": 294,\n  \"firstName\": \"Erich Maria\",\n  \"lastName\": \"Remarque\",\n  \"age\": 72,\n  \"salary\": 0.0\n}','OK',169,37,4),(313,'\0',4,3,70,'Loads books for author 294 <PASS JSON>','Loads books for author with id=294','http://localhost:9080/test-service/authors/294/books','JSON',NULL,'HTTP/1.1 200 OK','2016-04-13 15:13:25',30,55,'[\n  {\n    \"id\": 74,\n    \"name\": \"Three Comrades\",\n    \"year\": 1937,\n    \"authorId\": 294\n  },\n  {\n    \"id\": 75,\n    \"name\": \"All Quiet on the Western Front\",\n    \"year\": 1929,\n    \"authorId\": 294\n  },\n  {\n    \"id\": 76,\n    \"name\": \"Arch of Triumph\",\n    \"year\": 1945,\n    \"authorId\": 294\n  }\n]','[\n  {\n    \"id\": 74,\n    \"name\": \"Three Comrades\",\n    \"year\": 1937,\n    \"authorId\": 294\n  },\n  {\n    \"id\": 75,\n    \"name\": \"All Quiet on the Western Front\",\n    \"year\": 1929,\n    \"authorId\": 294\n  },\n  {\n    \"id\": 76,\n    \"name\": \"Arch of Triumph\",\n    \"year\": 1945,\n    \"authorId\": 294\n  }\n]','Response time exceeded timeout value; ',169,37,4),(314,'\0',4,3,71,'Loads books for author 294 <PASS XML>','Loads books for author with id=294','http://localhost:9080/test-service/authors/294/books','XML',NULL,'HTTP/1.1 200 OK','2016-04-13 15:14:13',30,65,'<?xml version=\"1.0\" encoding=\"UTF-8\"?><books>\n  <book>\n    <authorId>294</authorId>\n    <id>74</id>\n    <name>Three Comrades</name>\n    <year>1937</year>\n  </book>\n  <book>\n    <authorId>294</authorId>\n    <id>75</id>\n    <name>All Quiet on the Western Front</name>\n    <year>1929</year>\n  </book>\n  <book>\n    <authorId>294</authorId>\n    <id>76</id>\n    <name>Arch of Triumph</name>\n    <year>1945</year>\n  </book>\n</books>\n','<?xml version=\"1.0\" encoding=\"UTF-8\"?><books>\r\n  <book>\r\n    <authorId>294</authorId>\r\n    <id>74</id>\r\n    <name>Three Comrades</name>\r\n    <year>1937</year>\r\n  </book>\r\n  <book>\r\n    <authorId>294</authorId>\r\n    <id>75</id>\r\n    <name>All Quiet on the Western Front</name>\r\n    <year>1929</year>\r\n  </book>\r\n  <book>\r\n    <authorId>294</authorId>\r\n    <id>76</id>\r\n    <name>Arch of Triumph</name>\r\n    <year>1945</year>\r\n  </book>\r\n</books>\r\n','Actual response does not match the expected one; Response time exceeded timeout value; ',170,35,4),(315,'',4,3,67,'Loads author 294 <PASS JSON>','Loads author with id=294','http://localhost:9080/test-service/authors/294','JSON',NULL,'HTTP/1.1 200 OK','2016-04-13 15:15:36',1000,62,'{\n  \"id\": 294,\n  \"firstName\": \"Erich Maria\",\n  \"lastName\": \"Remarque\",\n  \"age\": 72,\n  \"salary\": 0.0\n}','{\n  \"id\": 294,\n  \"firstName\": \"Erich Maria\",\n  \"lastName\": \"Remarque\",\n  \"age\": 72,\n  \"salary\": 0.0\n}','OK',171,35,4),(316,'\0',4,3,71,'Loads books for author 294 <PASS XML>','Loads books for author with id=294','http://localhost:9080/test-service/authors/294/books','XML',NULL,'HTTP/1.1 200 OK','2016-04-13 15:16:18',30,62,'<?xml version=\"1.0\" encoding=\"UTF-8\"?><books>\n  <book>\n    <authorId>294</authorId>\n    <id>74</id>\n    <name>Three Comrades</name>\n    <year>1937</year>\n  </book>\n  <book>\n    <authorId>294</authorId>\n    <id>75</id>\n    <name>All Quiet on the Western Front</name>\n    <year>1929</year>\n  </book>\n  <book>\n    <authorId>294</authorId>\n    <id>76</id>\n    <name>Arch of Triumph</name>\n    <year>1945</year>\n  </book>\n</books>\n','<?xml version=\"1.0\" encoding=\"UTF-8\"?><books>\n  <book>\n    <authorId>294</authorId>\n    <id>74</id>\n    <name>Three Comrades</name>\n    <year>1937</year>\n  </book>\n  <book>\n    <authorId>294</authorId>\n    <id>75</id>\n    <name>All Quiet on the Western Front</name>\n    <year>1929</year>\n  </book>\n  <book>\n    <authorId>294</authorId>\n    <id>76</id>\n    <name>Arch of Triumph</name>\n    <year>1945</year>\n  </book>\n</books>\n','Response time exceeded timeout value; ',172,NULL,NULL),(317,'\0',4,3,73,'Loads books for author 295 <PASS JSON>','Loads books for author with id=295','http://localhost:9080/test-service/authors/295/books','JSON',NULL,'HTTP/1.1 200 OK','2016-04-13 15:17:06',30,282,'[\n  {\n    \"id\": 77,\n    \"name\": \"Poplar\",\n    \"year\": 1839,\n    \"authorId\": 295\n  },\n  {\n    \"id\": 78,\n    \"name\": \"Kate\",\n    \"year\": 1839,\n    \"authorId\": 295\n  },\n  {\n    \"id\": 80,\n    \"name\": \"Kobzar\",\n    \"year\": 1840,\n    \"authorId\": 295\n  },\n  {\n    \"id\": 81,\n    \"name\": \"Ivan Pidkova\",\n    \"year\": 1839,\n    \"authorId\": 295\n  }\n]','[\n  {\n    \"id\": 77,\n    \"name\": \"Poplar\",\n    \"year\": 1839,\n    \"authorId\": 295\n  },\n  {\n    \"id\": 78,\n    \"name\": \"Kate\",\n    \"year\": 1839,\n    \"authorId\": 295\n  },\n  {\n    \"id\": 80,\n    \"name\": \"Kobzar\",\n    \"year\": 1840,\n    \"authorId\": 295\n  },\n  {\n    \"id\": 81,\n    \"name\": \"Ivan Pidkova\",\n    \"year\": 1839,\n    \"authorId\": 295\n  }\n]','Response time exceeded timeout value; ',173,NULL,NULL),(318,'',4,3,66,'Loads author 294 <PASS XML>','Loads author with id=294','http://localhost:9080/test-service/authors/294/books','XML',NULL,'HTTP/1.1 200 OK','2016-04-13 15:17:19',1000,62,'<?xml version=\"1.0\" encoding=\"UTF-8\"?><author>\r\n  <age>72</age>\r\n  <firstName>Erich Maria</firstName>\r\n  <id>294</id>\r\n  <lastName>Remarque</lastName>\r\n  <salary>0.0</salary>\r\n</author>\r\n','<?xml version=\"1.0\" encoding=\"UTF-8\"?><author>\r\n  <age>72</age>\r\n  <firstName>Erich Maria</firstName>\r\n  <id>294</id>\r\n  <lastName>Remarque</lastName>\r\n  <salary>0.0</salary>\r\n</author>\r\n','OK',174,37,4),(319,'',4,3,67,'Loads author 294 <PASS JSON>','Loads author with id=294','http://localhost:9080/test-service/authors/294/books','JSON',NULL,'HTTP/1.1 200 OK','2016-04-13 15:17:21',1000,52,'{\n  \"id\": 294,\n  \"firstName\": \"Erich Maria\",\n  \"lastName\": \"Remarque\",\n  \"age\": 72,\n  \"salary\": 0.0\n}','{\n  \"id\": 294,\n  \"firstName\": \"Erich Maria\",\n  \"lastName\": \"Remarque\",\n  \"age\": 72,\n  \"salary\": 0.0\n}','OK',174,37,4),(320,'\0',4,3,70,'Loads books for author 294 <PASS JSON>','Loads books for author with id=294','http://localhost:9080/test-service/authors/294/books','JSON',NULL,'HTTP/1.1 200 OK','2016-04-13 15:17:23',30,54,'[\n  {\n    \"id\": 74,\n    \"name\": \"Three Comrades\",\n    \"year\": 1937,\n    \"authorId\": 294\n  },\n  {\n    \"id\": 75,\n    \"name\": \"All Quiet on the Western Front\",\n    \"year\": 1929,\n    \"authorId\": 294\n  },\n  {\n    \"id\": 76,\n    \"name\": \"Arch of Triumph\",\n    \"year\": 1945,\n    \"authorId\": 294\n  }\n]','[\n  {\n    \"id\": 74,\n    \"name\": \"Three Comrades\",\n    \"year\": 1937,\n    \"authorId\": 294\n  },\n  {\n    \"id\": 75,\n    \"name\": \"All Quiet on the Western Front\",\n    \"year\": 1929,\n    \"authorId\": 294\n  },\n  {\n    \"id\": 76,\n    \"name\": \"Arch of Triumph\",\n    \"year\": 1945,\n    \"authorId\": 294\n  }\n]','Response time exceeded timeout value; ',174,37,4),(321,'\0',4,3,73,'Loads books for author 295 <PASS JSON>','Loads books for author with id=295','http://localhost:9080/test-service/authors/295/books','JSON',NULL,'HTTP/1.1 200 OK','2016-04-13 15:29:46',30,86,'[\n  {\n    \"id\": 77,\n    \"name\": \"Poplar\",\n    \"year\": 1839,\n    \"authorId\": 295\n  },\n  {\n    \"id\": 78,\n    \"name\": \"Kate\",\n    \"year\": 1839,\n    \"authorId\": 295\n  },\n  {\n    \"id\": 80,\n    \"name\": \"Kobzar\",\n    \"year\": 1840,\n    \"authorId\": 295\n  },\n  {\n    \"id\": 81,\n    \"name\": \"Ivan Pidkova\",\n    \"year\": 1839,\n    \"authorId\": 295\n  }\n]','[\n  {\n    \"id\": 77,\n    \"name\": \"Poplar\",\n    \"year\": 1839,\n    \"authorId\": 295\n  },\n  {\n    \"id\": 78,\n    \"name\": \"Kate\",\n    \"year\": 1839,\n    \"authorId\": 295\n  },\n  {\n    \"id\": 80,\n    \"name\": \"Kobzar\",\n    \"year\": 1840,\n    \"authorId\": 295\n  },\n  {\n    \"id\": 81,\n    \"name\": \"Ivan Pidkova\",\n    \"year\": 1839,\n    \"authorId\": 295\n  }\n]','Response time exceeded timeout value; ',175,NULL,NULL),(322,'\0',4,3,76,'Creates author <PASS LOG; JSON>','Creates new author','http://localhost:9080/test-service/authors?logging=true','JSON','{\n  \"firstName\": \"Lesya\",\n  \"lastName\": \"Ukrainka66W7K\",\n  \"age\": 29,\n  \"salary\": 0.0\n}','HTTP/1.1 200 OK','2016-04-13 16:01:37',30,271,'{\n  \"id\": \"380\",\n  \"firstName\": \"Lesya\",\n  \"lastName\": \"Ukrainka66W7K\",\n  \"age\": 29,\n  \"salary\": 0.0\n}','{\n  \"id\": 380,\n  \"firstName\": \"Lesya\",\n  \"lastName\": \"Ukrainka66W7K\",\n  \"age\": 29,\n  \"salary\": 0.0\n}','Actual response does not match the expected one; Response time exceeded timeout value; ',176,NULL,NULL),(323,'\0',4,3,76,'Creates author <PASS LOG; JSON>','Creates new author','http://localhost:9080/test-service/authors?logging=true','JSON','{\n  \"firstName\": \"Lesya\",\n  \"lastName\": \"Ukrainka0HyHg\",\n  \"age\": 29,\n  \"salary\": 0.0\n}','HTTP/1.1 200 OK','2016-04-13 16:14:32',30,189,'{\n  \"id\": \"381\",\n  \"firstName\": \"Lesya\",\n  \"lastName\": \"Ukrainka0HyHg\",\n  \"age\": 29,\n  \"salary\": 0.0\n}','{\n  \"id\": 381,\n  \"firstName\": \"Lesya\",\n  \"lastName\": \"Ukrainka0HyHg\",\n  \"age\": 29,\n  \"salary\": 0.0\n}','Actual response does not match the expected one; Response time exceeded timeout value; ',177,NULL,NULL),(324,'\0',4,3,76,'Creates author <PASS LOG; JSON>','Creates new author','http://localhost:9080/test-service/authors?logging=true','JSON','{\n  \"firstName\": \"Lesya\",\n  \"lastName\": \"Ukrainkaqcrxt\",\n  \"age\": 29,\n  \"salary\": 0.0\n}','HTTP/1.1 200 OK','2016-04-13 16:15:54',30,186,'{\n  \"id\": \"382\",\n  \"firstName\": \"Lesya\",\n  \"lastName\": \"Ukrainkaqcrxt\",\n  \"age\": 29,\n  \"salary\": 0.0\n}','{\n  \"id\": 382,\n  \"firstName\": \"Lesya\",\n  \"lastName\": \"Ukrainkaqcrxt\",\n  \"age\": 29,\n  \"salary\": 0.0\n}','Actual response does not match the expected one; Response time exceeded timeout value; ',178,NULL,NULL),(325,'\0',4,3,76,'Creates author <PASS LOG; JSON>','Creates new author','http://localhost:9080/test-service/authors?logging=true','JSON','{\n  \"firstName\": \"Lesya\",\n  \"lastName\": \"UkrainkaVhgnm\",\n  \"age\": 29,\n  \"salary\": 0.0\n}','HTTP/1.1 200 OK','2016-04-13 16:17:06',30,194,'{\n  \"id\": \"383\",\n  \"firstName\": \"Lesya\",\n  \"lastName\": \"UkrainkaVhgnm\",\n  \"age\": 29,\n  \"salary\": 0.0\n}','{\n  \"id\": 383,\n  \"firstName\": \"Lesya\",\n  \"lastName\": \"UkrainkaVhgnm\",\n  \"age\": 29,\n  \"salary\": 0.0\n}','Actual response does not match the expected one; Response time exceeded timeout value; ',179,NULL,NULL),(326,'\0',4,3,76,'Creates author <PASS LOG; JSON>','Creates new author','http://localhost:9080/test-service/authors?logging=true','JSON','{\n  \"firstName\": \"Lesya\",\n  \"lastName\": \"UkrainkaF1sUT\",\n  \"age\": 29,\n  \"salary\": 0.0\n}','HTTP/1.1 200 OK','2016-04-13 16:19:49',30,126,'{\n  \"id\": \"384\",\n  \"firstName\": \"Lesya\",\n  \"lastName\": \"UkrainkaF1sUT\",\n  \"age\": 29,\n  \"salary\": 0.0\n}','{\n  \"id\": 384,\n  \"firstName\": \"Lesya\",\n  \"lastName\": \"UkrainkaF1sUT\",\n  \"age\": 29,\n  \"salary\": 0.0\n}','Actual response does not match the expected one; Response time exceeded timeout value; ',180,NULL,NULL),(327,'\0',4,3,76,'Creates author <PASS LOG; JSON>','Creates new author','http://localhost:9080/test-service/authors?logging=true','JSON','{\n  \"firstName\": \"Lesya\",\n  \"lastName\": \"UkrainkahRSoV\",\n  \"age\": 29,\n  \"salary\": 0.0\n}','HTTP/1.1 200 OK','2016-04-13 16:24:37',30,172,'{\n  \"id\": \"\"385\"\",\n  \"firstName\": \"Lesya\",\n  \"lastName\": \"UkrainkahRSoV\",\n  \"age\": 29,\n  \"salary\": 0.0\n}','{\n  \"id\": 385,\n  \"firstName\": \"Lesya\",\n  \"lastName\": \"UkrainkahRSoV\",\n  \"age\": 29,\n  \"salary\": 0.0\n}','Actual response does not match the expected one; Response time exceeded timeout value; ',181,NULL,NULL),(328,'\0',4,3,76,'Creates author <PASS LOG; JSON>','Creates new author','http://localhost:9080/test-service/authors?logging=true','JSON','{\n  \"firstName\": \"Lesya\",\n  \"lastName\": \"UkrainkakMqd6\",\n  \"age\": 29,\n  \"salary\": 0.0\n}','HTTP/1.1 200 OK','2016-04-13 16:37:17',30,208,'{\n  \"id\": \"STUB_VALUE\",\n  \"firstName\": \"Lesya\",\n  \"lastName\": \"UkrainkakMqd6\",\n  \"age\": 29,\n  \"salary\": 0.0\n}','{\n  \"id\": 386,\n  \"firstName\": \"Lesya\",\n  \"lastName\": \"UkrainkakMqd6\",\n  \"age\": 29,\n  \"salary\": 0.0\n}','Actual response does not match the expected one; Response time exceeded timeout value; ',182,NULL,NULL),(329,'\0',4,3,76,'Creates author <PASS LOG; JSON>','Creates new author','http://localhost:9080/test-service/authors?logging=true','JSON','{\n  \"firstName\": \"Lesya\",\n  \"lastName\": \"Ukrainkanl6nU\",\n  \"age\": 29,\n  \"salary\": 0.0\n}','HTTP/1.1 200 OK','2016-04-13 18:15:05',30,214,'{\n  \"id\": \"391\",\n  \"firstName\": \"Lesya\",\n  \"lastName\": \"Ukrainkanl6nU\",\n  \"age\": 29,\n  \"salary\": 0.0\n}','{\n  \"id\": 391,\n  \"firstName\": \"Lesya\",\n  \"lastName\": \"Ukrainkanl6nU\",\n  \"age\": 29,\n  \"salary\": 0.0\n}','Actual response does not match the expected one; Response time exceeded timeout value; ',183,NULL,NULL),(330,'\0',4,3,76,'Creates author <PASS LOG; JSON>','Creates new author','http://localhost:9080/test-service/authors?logging=true','JSON','{\n  \"firstName\": \"Lesya\",\n  \"lastName\": \"UkrainkaIfs14\",\n  \"age\": 29,\n  \"salary\": 0.0\n}','HTTP/1.1 200 OK','2016-04-13 18:19:11',30,211,'{\n  \"id\": \"392\",\n  \"firstName\": \"Lesya\",\n  \"lastName\": \"UkrainkaIfs14\",\n  \"age\": 29,\n  \"salary\": 0.0\n}','{\n  \"id\": 392,\n  \"firstName\": \"Lesya\",\n  \"lastName\": \"UkrainkaIfs14\",\n  \"age\": 29,\n  \"salary\": 0.0\n}','Actual response does not match the expected one; Response time exceeded timeout value; ',184,NULL,NULL),(331,'',4,3,71,'Loads books for author 294 <PASS XML>','Loads books for author with id=294','http://localhost:9080/test-service/authors/294/books','XML',NULL,'HTTP/1.1 200 OK','2016-04-13 18:21:59',30,13,'<?xml version=\"1.0\" encoding=\"UTF-8\"?><books>\n  <book>\n    <authorId>294</authorId>\n    <id>74</id>\n    <name>Three Comrades</name>\n    <year>1937</year>\n  </book>\n  <book>\n    <authorId>294</authorId>\n    <id>75</id>\n    <name>All Quiet on the Western Front</name>\n    <year>1929</year>\n  </book>\n  <book>\n    <authorId>294</authorId>\n    <id>76</id>\n    <name>Arch of Triumph</name>\n    <year>1945</year>\n  </book>\n</books>\n','<?xml version=\"1.0\" encoding=\"UTF-8\"?><books>\n  <book>\n    <authorId>294</authorId>\n    <id>74</id>\n    <name>Three Comrades</name>\n    <year>1937</year>\n  </book>\n  <book>\n    <authorId>294</authorId>\n    <id>75</id>\n    <name>All Quiet on the Western Front</name>\n    <year>1929</year>\n  </book>\n  <book>\n    <authorId>294</authorId>\n    <id>76</id>\n    <name>Arch of Triumph</name>\n    <year>1945</year>\n  </book>\n</books>\n','OK',185,NULL,NULL),(332,'\0',4,3,71,'Loads books for author 294 <PASS XML>','Loads books for author with id=294','http://localhost:9080/test-service/authors/294/books','XML',NULL,'HTTP/1.1 200 OK','2016-04-13 21:35:49',30,1762,'<?xml version=\"1.0\" encoding=\"UTF-8\"?><books>\n  <book>\n    <authorId>294</authorId>\n    <id>74</id>\n    <name>Three Comrades</name>\n    <year>1937</year>\n  </book>\n  <book>\n    <authorId>294</authorId>\n    <id>75</id>\n    <name>All Quiet on the Western Front</name>\n    <year>1929</year>\n  </book>\n  <book>\n    <authorId>294</authorId>\n    <id>76</id>\n    <name>Arch of Triumph</name>\n    <year>1945</year>\n  </book>\n</books>\n','<?xml version=\"1.0\" encoding=\"UTF-8\"?><books>\n  <book>\n    <authorId>294</authorId>\n    <id>74</id>\n    <name>Three Comrades</name>\n    <year>1937</year>\n  </book>\n  <book>\n    <authorId>294</authorId>\n    <id>75</id>\n    <name>All Quiet on the Western Front</name>\n    <year>1929</year>\n  </book>\n  <book>\n    <authorId>294</authorId>\n    <id>76</id>\n    <name>Arch of Triumph</name>\n    <year>1945</year>\n  </book>\n</books>\n','Response time exceeded timeout value; ',186,NULL,NULL),(333,'\0',4,3,76,'Creates author <PASS LOG; JSON>','Creates new author','http://localhost:9080/test-service/authors?logging=true','JSON','{\n  \"firstName\": \"Lesya\",\n  \"lastName\": \"UkrainkavF5C7\",\n  \"age\": 29,\n  \"salary\": 0.0\n}','HTTP/1.1 200 OK','2016-04-13 21:36:10',30,482,'{\n  \"id\": \"TEST_OK\",\n  \"firstName\": \"Lesya\",\n  \"lastName\": \"UkrainkavF5C7\",\n  \"age\": 29,\n  \"salary\": 0.0\n}','{\n  \"id\": 393,\n  \"firstName\": \"Lesya\",\n  \"lastName\": \"UkrainkavF5C7\",\n  \"age\": 29,\n  \"salary\": 0.0\n}','Actual response does not match the expected one; Response time exceeded timeout value; ',187,NULL,NULL),(334,'\0',4,3,76,'Creates author <PASS LOG; JSON>','Creates new author','http://localhost:9080/test-service/authors?logging=true','JSON','{\n  \"firstName\": \"Lesya\",\n  \"lastName\": \"UkrainkaQEgTD\",\n  \"age\": 29,\n  \"salary\": 0.0\n}','HTTP/1.1 200 OK','2016-04-13 21:38:35',30,164,'{\n  \"id\": \"394\",\n  \"firstName\": \"Lesya\",\n  \"lastName\": \"UkrainkaQEgTD\",\n  \"age\": 29,\n  \"salary\": 0.0\n}','{\n  \"id\": 394,\n  \"firstName\": \"Lesya\",\n  \"lastName\": \"UkrainkaQEgTD\",\n  \"age\": 29,\n  \"salary\": 0.0\n}','Actual response does not match the expected one; Response time exceeded timeout value; ',188,NULL,NULL),(335,'',4,3,66,'Loads author 294 <PASS XML>','Loads author with id=294','http://localhost:9080/test-service/authors/294/books','XML',NULL,'HTTP/1.1 200 OK','2016-04-13 21:41:19',1000,461,'<?xml version=\"1.0\" encoding=\"UTF-8\"?><author>\r\n  <age>72</age>\r\n  <firstName>Erich Maria</firstName>\r\n  <id>294</id>\r\n  <lastName>Remarque</lastName>\r\n  <salary>0.0</salary>\r\n</author>\r\n','<?xml version=\"1.0\" encoding=\"UTF-8\"?><author>\r\n  <age>72</age>\r\n  <firstName>Erich Maria</firstName>\r\n  <id>294</id>\r\n  <lastName>Remarque</lastName>\r\n  <salary>0.0</salary>\r\n</author>\r\n','OK',189,37,1),(336,'',4,3,67,'Loads author 294 <PASS JSON>','Loads author with id=294','http://localhost:9080/test-service/authors/294/books','JSON',NULL,'HTTP/1.1 200 OK','2016-04-13 21:41:21',1000,99,'{\n  \"id\": 294,\n  \"firstName\": \"Erich Maria\",\n  \"lastName\": \"Remarque\",\n  \"age\": 72,\n  \"salary\": 0.0\n}','{\n  \"id\": 294,\n  \"firstName\": \"Erich Maria\",\n  \"lastName\": \"Remarque\",\n  \"age\": 72,\n  \"salary\": 0.0\n}','OK',189,37,1),(337,'\0',4,3,70,'Loads books for author 294 <PASS JSON>','Loads books for author with id=294','http://localhost:9080/test-service/authors/294/books','JSON',NULL,'HTTP/1.1 200 OK','2016-04-13 21:41:23',30,53,'[\n  {\n    \"id\": 74,\n    \"name\": \"Three Comrades\",\n    \"year\": 1937,\n    \"authorId\": 294\n  },\n  {\n    \"id\": 75,\n    \"name\": \"All Quiet on the Western Front\",\n    \"year\": 1929,\n    \"authorId\": 294\n  },\n  {\n    \"id\": 76,\n    \"name\": \"Arch of Triumph\",\n    \"year\": 1945,\n    \"authorId\": 294\n  }\n]','[\n  {\n    \"id\": 74,\n    \"name\": \"Three Comrades\",\n    \"year\": 1937,\n    \"authorId\": 294\n  },\n  {\n    \"id\": 75,\n    \"name\": \"All Quiet on the Western Front\",\n    \"year\": 1929,\n    \"authorId\": 294\n  },\n  {\n    \"id\": 76,\n    \"name\": \"Arch of Triumph\",\n    \"year\": 1945,\n    \"authorId\": 294\n  }\n]','Response time exceeded timeout value; ',189,37,1),(338,'',4,3,66,'Loads author 294 <PASS XML>','Loads author with id=294','http://localhost:9080/test-service/authors/294/books','XML',NULL,'HTTP/1.1 200 OK','2016-04-13 21:41:54',1000,98,'<?xml version=\"1.0\" encoding=\"UTF-8\"?><author>\r\n  <age>72</age>\r\n  <firstName>Erich Maria</firstName>\r\n  <id>294</id>\r\n  <lastName>Remarque</lastName>\r\n  <salary>0.0</salary>\r\n</author>\r\n','<?xml version=\"1.0\" encoding=\"UTF-8\"?><author>\r\n  <age>72</age>\r\n  <firstName>Erich Maria</firstName>\r\n  <id>294</id>\r\n  <lastName>Remarque</lastName>\r\n  <salary>0.0</salary>\r\n</author>\r\n','OK',190,37,NULL),(339,'',4,3,67,'Loads author 294 <PASS JSON>','Loads author with id=294','http://localhost:9080/test-service/authors/294/books','JSON',NULL,'HTTP/1.1 200 OK','2016-04-13 21:41:55',1000,48,'{\n  \"id\": 294,\n  \"firstName\": \"Erich Maria\",\n  \"lastName\": \"Remarque\",\n  \"age\": 72,\n  \"salary\": 0.0\n}','{\n  \"id\": 294,\n  \"firstName\": \"Erich Maria\",\n  \"lastName\": \"Remarque\",\n  \"age\": 72,\n  \"salary\": 0.0\n}','OK',190,37,NULL),(340,'\0',4,3,70,'Loads books for author 294 <PASS JSON>','Loads books for author with id=294','http://localhost:9080/test-service/authors/294/books','JSON',NULL,'HTTP/1.1 200 OK','2016-04-13 21:41:56',30,49,'[\n  {\n    \"id\": 74,\n    \"name\": \"Three Comrades\",\n    \"year\": 1937,\n    \"authorId\": 294\n  },\n  {\n    \"id\": 75,\n    \"name\": \"All Quiet on the Western Front\",\n    \"year\": 1929,\n    \"authorId\": 294\n  },\n  {\n    \"id\": 76,\n    \"name\": \"Arch of Triumph\",\n    \"year\": 1945,\n    \"authorId\": 294\n  }\n]','[\n  {\n    \"id\": 74,\n    \"name\": \"Three Comrades\",\n    \"year\": 1937,\n    \"authorId\": 294\n  },\n  {\n    \"id\": 75,\n    \"name\": \"All Quiet on the Western Front\",\n    \"year\": 1929,\n    \"authorId\": 294\n  },\n  {\n    \"id\": 76,\n    \"name\": \"Arch of Triumph\",\n    \"year\": 1945,\n    \"authorId\": 294\n  }\n]','Response time exceeded timeout value; ',190,37,NULL),(341,'\0',4,3,76,'Creates author <PASS LOG; JSON>','Creates new author','http://localhost:9080/test-service/authors?logging=true','JSON','{\n  \"firstName\": \"Lesya\",\n  \"lastName\": \"UkrainkawIrYR\",\n  \"age\": 29,\n  \"salary\": 0.0\n}','HTTP/1.1 200 OK','2016-04-13 21:47:11',30,188,'{\n  \"id\": \"395\",\n  \"firstName\": \"Lesya\",\n  \"lastName\": \"UkrainkawIrYR\",\n  \"age\": 29,\n  \"salary\": 0.0\n}','{\n  \"id\": 395,\n  \"firstName\": \"Lesya\",\n  \"lastName\": \"UkrainkawIrYR\",\n  \"age\": 29,\n  \"salary\": 0.0\n}','Actual response does not match the expected one; Response time exceeded timeout value; ',191,NULL,NULL),(342,'',4,3,66,'Loads author 294 <PASS XML>','Loads author with id=294','http://localhost:9080/test-service/authors/294/books','XML',NULL,'HTTP/1.1 200 OK','2016-04-13 21:49:40',1000,164,'<?xml version=\"1.0\" encoding=\"UTF-8\"?><author>\r\n  <age>72</age>\r\n  <firstName>Erich Maria</firstName>\r\n  <id>294</id>\r\n  <lastName>Remarque</lastName>\r\n  <salary>0.0</salary>\r\n</author>\r\n','<?xml version=\"1.0\" encoding=\"UTF-8\"?><author>\r\n  <age>72</age>\r\n  <firstName>Erich Maria</firstName>\r\n  <id>294</id>\r\n  <lastName>Remarque</lastName>\r\n  <salary>0.0</salary>\r\n</author>\r\n','OK',192,37,34),(343,'',4,3,67,'Loads author 294 <PASS JSON>','Loads author with id=294','http://localhost:9080/test-service/authors/294/books','JSON',NULL,'HTTP/1.1 200 OK','2016-04-13 21:49:43',1000,49,'{\n  \"id\": 294,\n  \"firstName\": \"Erich Maria\",\n  \"lastName\": \"Remarque\",\n  \"age\": 72,\n  \"salary\": 0.0\n}','{\n  \"id\": 294,\n  \"firstName\": \"Erich Maria\",\n  \"lastName\": \"Remarque\",\n  \"age\": 72,\n  \"salary\": 0.0\n}','OK',192,37,34),(344,'\0',4,3,70,'Loads books for author 294 <PASS JSON>','Loads books for author with id=294','http://localhost:9080/test-service/authors/294/books','JSON',NULL,'HTTP/1.1 200 OK','2016-04-13 21:49:45',30,51,'[\n  {\n    \"id\": 74,\n    \"name\": \"Three Comrades\",\n    \"year\": 1937,\n    \"authorId\": 294\n  },\n  {\n    \"id\": 75,\n    \"name\": \"All Quiet on the Western Front\",\n    \"year\": 1929,\n    \"authorId\": 294\n  },\n  {\n    \"id\": 76,\n    \"name\": \"Arch of Triumph\",\n    \"year\": 1945,\n    \"authorId\": 294\n  }\n]','[\n  {\n    \"id\": 74,\n    \"name\": \"Three Comrades\",\n    \"year\": 1937,\n    \"authorId\": 294\n  },\n  {\n    \"id\": 75,\n    \"name\": \"All Quiet on the Western Front\",\n    \"year\": 1929,\n    \"authorId\": 294\n  },\n  {\n    \"id\": 76,\n    \"name\": \"Arch of Triumph\",\n    \"year\": 1945,\n    \"authorId\": 294\n  }\n]','Response time exceeded timeout value; ',192,37,34),(345,'\0',4,3,156,'Creates author PASS_LOG_XML','Creates author ','http://localhost:9080/test-service/authors?logging=true','XML','<?xml version=\"1.0\" encoding=\"UTF-8\"?><author> \n  <age>91</age>\n  <firstName>Ray</firstName>\n  <lastName>Bradbury</lastName>\n  <salary>0.0</salary>\n</author>\n','HTTP/1.1 200 OK','2016-04-13 22:10:00',30,159,'<?xml version=\"1.0\" encoding=\"UTF-8\"?><author>\n  <id>\"397\"</id>\n  <age>91</age>\n  <firstName>\"Ray\"</firstName>\n  <lastName>\"Bradbury\"</lastName>\n  <salary>0.0</salary>\n</author>\n','<?xml version=\"1.0\" encoding=\"UTF-8\"?><author>\n  <age>91</age>\n  <firstName>Ray</firstName>\n  <id>397</id>\n  <lastName>Bradbury</lastName>\n  <salary>0.0</salary>\n</author>\n','Actual response does not match the expected one; Response time exceeded timeout value; ',193,NULL,NULL),(346,'\0',4,3,156,'Creates author PASS_LOG_XML','Creates author ','http://localhost:9080/test-service/authors?logging=true','XML','<?xml version=\"1.0\" encoding=\"UTF-8\"?><author> \n  <age>91</age>\n  <firstName>Ray</firstName>\n  <lastName>Bradbury</lastName>\n  <salary>0.0</salary>\n</author>\n','HTTP/1.1 200 OK','2016-04-13 22:12:54',30,206,'<?xml version=\"1.0\" encoding=\"UTF-8\"?><author>\n  <id>398</id>\n  <age>91</age>\n  <firstName>Ray</firstName>\n  <lastName>Bradbury</lastName>\n  <salary>0.0</salary>\n</author>\n','<?xml version=\"1.0\" encoding=\"UTF-8\"?><author>\n  <age>91</age>\n  <firstName>Ray</firstName>\n  <id>398</id>\n  <lastName>Bradbury</lastName>\n  <salary>0.0</salary>\n</author>\n','Actual response does not match the expected one; Response time exceeded timeout value; ',194,NULL,NULL),(347,'\0',4,3,156,'Creates author PASS_LOG_XML','Creates author ','http://localhost:9080/test-service/authors?logging=true','XML','<?xml version=\"1.0\" encoding=\"UTF-8\"?><author> \n  <age>91</age>\n  <firstName>Ray</firstName>\n  <lastName>Bradbury</lastName>\n  <salary>0.0</salary>\n</author>\n','HTTP/1.1 200 OK','2016-04-13 22:14:13',30,94,'<?xml version=\"1.0\" encoding=\"UTF-8\"?><author>\n  <age>91</age>\n  <firstName>Ray</firstName>\n  <id>399</id>\n  <lastName>Bradbury</lastName>\n  <salary>0.0</salary>\n</author>\n','<?xml version=\"1.0\" encoding=\"UTF-8\"?><author>\n  <age>91</age>\n  <firstName>Ray</firstName>\n  <id>399</id>\n  <lastName>Bradbury</lastName>\n  <salary>0.0</salary>\n</author>\n','Response time exceeded timeout value; ',195,NULL,NULL),(348,'\0',4,3,156,'Creates author <PASS_LOG_XML>','Creates author ','http://localhost:9080/test-service/authors?logging=true','XML','<?xml version=\"1.0\" encoding=\"UTF-8\"?><author> \n  <age>91</age>\n  <firstName>Ray</firstName>\n  <lastName>Bradbury93064</lastName>\n  <salary>0.0</salary>\n</author>\n','HTTP/1.1 200 OK','2016-04-13 22:18:13',30,203,'<?xml version=\"1.0\" encoding=\"UTF-8\"?><author>\n  <age>91</age>\n  <firstName>Ray</firstName>\n  <id>400</id>\n  <lastName>Bradbury93064</lastName>\n  <salary>0.0</salary>\n</author>\n','<?xml version=\"1.0\" encoding=\"UTF-8\"?><author>\n  <age>91</age>\n  <firstName>Ray</firstName>\n  <id>400</id>\n  <lastName>Bradbury93064</lastName>\n  <salary>0.0</salary>\n</author>\n','Response time exceeded timeout value; ',196,NULL,NULL),(349,'\0',4,3,156,'Creates author <PASS_LOG_XML>','Creates author ','http://localhost:9080/test-service/authors?logging=true','XML','<?xml version=\"1.0\" encoding=\"UTF-8\"?><author> \n  <age>91</age>\n  <firstName>Ray</firstName>\n  <lastName>Bradbury74560</lastName>\n  <salary>0.0</salary>\n</author>\n','HTTP/1.1 200 OK','2016-04-13 22:19:38',30,112,'<?xml version=\"1.0\" encoding=\"UTF-8\"?><author>\n  <age>91</age>\n  <firstName>Ray</firstName>\n  <id>401</id>\n  <lastName>Bradbury74560</lastName>\n  <salary>0.0</salary>\n</author>\n','<?xml version=\"1.0\" encoding=\"UTF-8\"?><author>\n  <age>91</age>\n  <firstName>Ray</firstName>\n  <id>401</id>\n  <lastName>Bradbury74560</lastName>\n  <salary>0.0</salary>\n</author>\n','Response time exceeded timeout value; ',197,NULL,NULL),(350,'\0',4,3,76,'Creates author <PASS LOG; JSON>','Creates new author','http://localhost:9080/test-service/authors?logging=true','JSON','{\n  \"firstName\": \"Lesya\",\n  \"lastName\": \"Ukrainka4Ddvp\",\n  \"age\": 29,\n  \"salary\": 0.0\n}','HTTP/1.1 200 OK','2016-04-13 22:19:59',30,118,'{\n  \"id\": \"402\",\n  \"firstName\": \"Lesya\",\n  \"lastName\": \"Ukrainka4Ddvp\",\n  \"age\": 29,\n  \"salary\": 0.0\n}','{\n  \"id\": 402,\n  \"firstName\": \"Lesya\",\n  \"lastName\": \"Ukrainka4Ddvp\",\n  \"age\": 29,\n  \"salary\": 0.0\n}','Actual response does not match the expected one; Response time exceeded timeout value; ',198,NULL,NULL),(351,'\0',4,3,156,'Creates author <PASS_LOG_XML>','Creates author ','http://localhost:9080/test-service/authors?logging=true','XML','<?xml version=\"1.0\" encoding=\"UTF-8\"?><author> \n  <age>91</age>\n  <firstName>Ray</firstName>\n  <lastName>Bradbury46158</lastName>\n  <salary>0.0</salary>\n</author>\n','HTTP/1.1 200 OK','2016-04-13 22:27:24',30,153,'<?xml version=\"1.0\" encoding=\"UTF-8\"?><author>\n  <age>91</age>\n  <firstName>Ray</firstName>\n  <id>403</id>\n  <lastName>Bradbury46158</lastName>\n  <salary>0.0</salary>\n</author>\n','<?xml version=\"1.0\" encoding=\"UTF-8\"?><author>\n  <age>91</age>\n  <firstName>Ray</firstName>\n  <id>403</id>\n  <lastName>Bradbury46158</lastName>\n  <salary>0.0</salary>\n</author>\n','Response time exceeded timeout value; ',199,NULL,NULL),(352,'\0',4,3,76,'Creates author <PASS LOG; JSON>','Creates new author','http://localhost:9080/test-service/authors?logging=true','JSON','{\n  \"firstName\": \"Lesya\",\n  \"lastName\": \"UkrainkaNfJVD\",\n  \"age\": 29,\n  \"salary\": 0.0\n}','HTTP/1.1 200 OK','2016-04-13 22:28:52',30,89,'{\n  \"id\": \"404\",\n  \"firstName\": \"Lesya\",\n  \"lastName\": \"UkrainkaNfJVD\",\n  \"age\": 29,\n  \"salary\": 0.0\n}','{\n  \"id\": 404,\n  \"firstName\": \"Lesya\",\n  \"lastName\": \"UkrainkaNfJVD\",\n  \"age\": 29,\n  \"salary\": 0.0\n}','Actual response does not match the expected one; Response time exceeded timeout value; ',200,NULL,NULL),(353,'\0',4,3,156,'Creates author <PASS_LOG_XML>','Creates author ','http://localhost:9080/test-service/authors?logging=true','XML','<?xml version=\"1.0\" encoding=\"UTF-8\"?><author> \n  <age>91</age>\n  <firstName>Ray</firstName>\n  <lastName>Bradbury56909</lastName>\n  <salary>0.0</salary>\n</author>\n','HTTP/1.1 200 OK','2016-04-13 22:31:16',30,151,'<?xml version=\"1.0\" encoding=\"UTF-8\"?><author>\n  <age>91</age>\n  <firstName>Ray</firstName>\n  <id>405</id>\n  <lastName>Bradbury56909</lastName>\n  <salary>0.0</salary>\n</author>\n','<?xml version=\"1.0\" encoding=\"UTF-8\"?><author>\n  <age>91</age>\n  <firstName>Ray</firstName>\n  <id>405</id>\n  <lastName>Bradbury56909</lastName>\n  <salary>0.0</salary>\n</author>\n','Response time exceeded timeout value; ',201,NULL,NULL),(354,'\0',4,3,156,'Creates author <PASS_LOG_XML>','Creates author ','http://localhost:9080/test-service/authors?logging=true','XML','<?xml version=\"1.0\" encoding=\"UTF-8\"?><author> \n  <age>91</age>\n  <firstName>Ray</firstName>\n  <lastName>Bradbury68323</lastName>\n  <salary>0.0</salary>\n</author>\n','HTTP/1.1 200 OK','2016-04-13 22:31:48',30,245,'<?xml version=\"1.0\" encoding=\"UTF-8\"?><author>\n  <age>91</age>\n  <firstName>Ray</firstName>\n  <id>406</id>\n  <lastName>Bradbury68323</lastName>\n  <salary>0.0</salary>\n</author>\n','<?xml version=\"1.0\" encoding=\"UTF-8\"?><author>\n  <age>91</age>\n  <firstName>Ray</firstName>\n  <id>406</id>\n  <lastName>Bradbury68323</lastName>\n  <salary>0.0</salary>\n</author>\n','Response time exceeded timeout value; ',202,NULL,NULL),(355,'\0',4,3,76,'Creates author <PASS LOG; JSON>','Creates new author','http://localhost:9080/test-service/authors?logging=true','JSON','{\n  \"firstName\": \"Lesya\",\n  \"lastName\": \"Ukrainka9xGg8\",\n  \"age\": 29,\n  \"salary\": 0.0\n}','HTTP/1.1 200 OK','2016-04-14 16:42:19',30,213,'{\n  \"id\": \"416\",\n  \"firstName\": \"Lesya\",\n  \"lastName\": \"Ukrainka9xGg8\",\n  \"age\": 29,\n  \"salary\": 0.0\n}','{\n  \"id\": 416,\n  \"firstName\": \"Lesya\",\n  \"lastName\": \"Ukrainka9xGg8\",\n  \"age\": 29,\n  \"salary\": 0.0\n}','Actual response does not match the expected one; Response time exceeded timeout value; ',203,NULL,NULL),(356,'\0',4,3,76,'Creates author <PASS LOG; JSON>','Creates new author','http://localhost:9080/test-service/authors?logging=true','JSON','{\n  \"firstName\": \"Lesya\",\n  \"lastName\": \"UkrainkaOT3Vx\",\n  \"age\": 29,\n  \"salary\": 0.0\n}','HTTP/1.1 200 OK','2016-04-14 16:43:07',30,158,'{\n  \"id\": \"417\",\n  \"firstName\": \"Lesya\",\n  \"lastName\": \"UkrainkaOT3Vx\",\n  \"age\": 29,\n  \"salary\": 0.0\n}','{\n  \"id\": 417,\n  \"firstName\": \"Lesya\",\n  \"lastName\": \"UkrainkaOT3Vx\",\n  \"age\": 29,\n  \"salary\": 0.0\n}','Actual response does not match the expected one; Response time exceeded timeout value; ',204,NULL,NULL),(357,'\0',4,3,156,'Creates author <PASS_LOG_XML>','Creates author ','http://localhost:9080/test-service/authors?logging=true','XML','<?xml version=\"1.0\" encoding=\"UTF-8\"?><author> \n  <age>91</age>\n  <firstName>Ray</firstName>\n  <lastName>Bradbury48836</lastName>\n  <salary>0.0</salary>\n</author>\n','HTTP/1.1 200 OK','2016-04-14 16:43:47',30,291,'<?xml version=\"1.0\" encoding=\"UTF-8\"?><author>\n  <age>91</age>\n  <firstName>Ray</firstName>\n  <id>418</id>\n  <lastName>Bradbury48836</lastName>\n  <salary>0.0</salary>\n</author>\n','<?xml version=\"1.0\" encoding=\"UTF-8\"?><author>\n  <age>91</age>\n  <firstName>Ray</firstName>\n  <id>418</id>\n  <lastName>Bradbury48836</lastName>\n  <salary>0.0</salary>\n</author>\n','Response time exceeded timeout value; ',205,NULL,NULL),(358,'\0',4,3,76,'Creates author <PASS LOG; JSON>','Creates new author','http://localhost:9080/test-service/authors?logging=true','JSON','{\n  \"firstName\": \"Lesya\",\n  \"lastName\": \"UkrainkaQqouQ\",\n  \"age\": 29,\n  \"salary\": 0.0\n}','HTTP/1.1 200 OK','2016-04-14 16:44:49',30,173,'{\n  \"id\": 419,\n  \"firstName\": \"Lesya\",\n  \"lastName\": \"UkrainkaQqouQ\",\n  \"age\": 29,\n  \"salary\": 0.0\n}','{\n  \"id\": 419,\n  \"firstName\": \"Lesya\",\n  \"lastName\": \"UkrainkaQqouQ\",\n  \"age\": 29,\n  \"salary\": 0.0\n}','Response time exceeded timeout value; ',206,NULL,NULL),(359,'\0',4,3,156,'Creates author <PASS_LOG_XML>','Creates author ','http://localhost:9080/test-service/authors1?logging=true','XML','<?xml version=\"1.0\" encoding=\"UTF-8\"?><author> \n  <age>91</age>\n  <firstName>Ray</firstName>\n  <lastName>Bradbury03946</lastName>\n  <salary>0.0</salary>\n</author>\n','HTTP/1.1 404 Not Found','2016-04-14 17:28:49',30,109,'<?xml version=\"1.0\" encoding=\"UTF-8\"?><author>\n  <age>91</age>\n  <firstName>Ray</firstName>\n  <id>STUB_VALUE</id>\n  <lastName>Bradbury03946</lastName>\n  <salary>0.0</salary>\n</author>\n',NULL,'Actual response does not match the expected one; Response time exceeded timeout value; ',207,NULL,NULL),(360,'\0',4,3,156,'Creates author <PASS_LOG_XML>','Creates author ','http://localhost:9080/test-service/authors1?logging=true','XML','<?xml version=\"1.0\" encoding=\"UTF-8\"?><author> \n  <age>91</age>\n  <firstName>Ray</firstName>\n  <lastName>Bradbury06324</lastName>\n  <salary>0.0</salary>\n</author>\n','HTTP/1.1 404 Not Found','2016-04-14 23:19:46',30,72,'<?xml version=\"1.0\" encoding=\"UTF-8\"?><author>\n  <age>91</age>\n  <firstName>Ray</firstName>\n  <id>STUB_VALUE</id>\n  <lastName>Bradbury06324</lastName>\n  <salary>0.0</salary>\n</author>\n',NULL,'Actual response does not match the expected one; Response time exceeded timeout value; ',208,NULL,NULL),(361,'\0',4,3,76,'Creates author <PASS LOG; JSON>','Creates new author','http://localhost:9080/test-service/authors?logging=true','JSON','{\n  \"firstName\": \"Lesya\",\n  \"lastName\": \"UkrainkabBcGw\",\n  \"age\": 29,\n  \"salary\": 0.0\n}','HTTP/1.1 200 OK','2016-04-14 23:49:25',30,168,'{\n  \"id\": 428,\n  \"firstName\": \"Lesya\",\n  \"lastName\": \"UkrainkabBcGw\",\n  \"age\": 29,\n  \"salary\": 0.0\n}','{\n  \"id\": 428,\n  \"firstName\": \"Lesya\",\n  \"lastName\": \"UkrainkabBcGw\",\n  \"age\": 29,\n  \"salary\": 0.0\n}','Response time exceeded timeout value; null',209,NULL,NULL),(362,'\0',4,3,76,'Creates author <PASS LOG; JSON>','Creates new author','http://localhost:9080/test-service/authors?logging=true','JSON','{\n  \"firstName\": \"Lesya\",\n  \"lastName\": \"UkrainkabH4gM\",\n  \"age\": 29,\n  \"salary\": 0.0\n}','HTTP/1.1 200 OK','2016-04-14 23:50:43',30,109,'{\n  \"id\": 429,\n  \"firstName\": \"Lesya\",\n  \"lastName\": \"UkrainkabH4gM\",\n  \"age\": 29,\n  \"salary\": 0.0\n}','{\n  \"id\": 429,\n  \"firstName\": \"Lesya\",\n  \"lastName\": \"UkrainkabH4gM\",\n  \"age\": 29,\n  \"salary\": 0.0\n}','Response time exceeded timeout value; null',210,NULL,NULL),(363,'\0',4,3,76,'Creates author <PASS LOG; JSON>','Creates new author','http://localhost:9080/test-service/authors?logging=true','JSON','{\n  \"firstName\": \"Lesya\",\n  \"lastName\": \"UkrainkayMIwU\",\n  \"age\": 29,\n  \"salary\": 0.0\n}','HTTP/1.1 200 OK','2016-04-14 23:51:34',30,109,'{\n  \"id\": 430,\n  \"firstName\": \"Lesya\",\n  \"lastName\": \"UkrainkayMIwU\",\n  \"age\": 29,\n  \"salary\": 0.0\n}','{\n  \"id\": 430,\n  \"firstName\": \"Lesya\",\n  \"lastName\": \"UkrainkayMIwU\",\n  \"age\": 29,\n  \"salary\": 0.0\n}','Response time exceeded timeout value; null',211,NULL,NULL),(367,'\0',4,3,156,'Creates author <PASS_LOG_XML>','Creates author ','http://localhost:9080/test-service/authors1?logging=true','XML','<?xml version=\"1.0\" encoding=\"UTF-8\"?><author> \n  <age>91</age>\n  <firstName>Ray</firstName>\n  <lastName>Bradbury00607</lastName>\n  <salary>0.0</salary>\n</author>\n','HTTP/1.1 404 Not Found','2016-04-15 00:53:25',30,7,'<?xml version=\"1.0\" encoding=\"UTF-8\"?><author>\n  <age>91</age>\n  <firstName>Ray</firstName>\n  <id>STUB_VALUE</id>\n  <lastName>Bradbury00607</lastName>\n  <salary>0.0</salary>\n</author>\n',NULL,'Invalid URL; Actual response does not match the expected one; ',215,NULL,NULL),(368,'\0',4,3,76,'Creates author <PASS LOG; JSON>','Creates new author','http://localhost:9080/test-service/authors?logging=true','undefined','{\n  \"firstName\": \"Lesya\",\n  \"lastName\": \"UkrainkabjXMc\",\n  \"age\": 29,\n  \"salary\": 0.0\n}','HTTP/1.1 200 OK','2016-04-15 01:00:02',30,117,'{\n  \"id\": 431,\n  \"firstName\": \"Lesya\",\n  \"lastName\": \"UkrainkabjXMc\",\n  \"age\": 29,\n  \"salary\": 0.0\n}','{\n  \"id\": 431,\n  \"firstName\": \"Lesya\",\n  \"lastName\": \"UkrainkabjXMc\",\n  \"age\": 29,\n  \"salary\": 0.0\n}','Wrong content type; Response time exceeded timeout value; ',216,NULL,NULL),(373,'\0',4,3,71,'Loads books for author 294 <PASS XML>','Loads books for author with id=294','http://localhost:9080/test-service/authors/294/books','XML',NULL,'HTTP/1.1 200 OK','2016-04-15 01:22:56',30,44,'<?xml version=\"1.0\" encoding=\"UTF-8\"?><books>\n  <book>\n    <authorId>294</authorId>\n    <id>74</id>\n    <name>Three Comrades</name>\n    <year>1937</year>\n  </book>\n  <book>\n    <authorId>294</authorId>\n    <id>75</id>\n    <name>All Quiet on the Western Front</name>\n    <year>1929</year>\n  </book>\n  <book>\n    <authorId>294</authorId>\n    <id>76</id>\n    <name>Arch of Triumph</name>\n    <year>1945</year>\n  </book>\n</books>\n','<?xml version=\"1.0\" encoding=\"UTF-8\"?><books>\n  <book>\n    <authorId>294</authorId>\n    <id>74</id>\n    <name>Three Comrades</name>\n    <year>1937</year>\n  </book>\n  <book>\n    <authorId>294</authorId>\n    <id>75</id>\n    <name>All Quiet on the Western Front</name>\n    <year>1929</year>\n  </book>\n  <book>\n    <authorId>294</authorId>\n    <id>76</id>\n    <name>Arch of Triumph</name>\n    <year>1945</year>\n  </book>\n</books>\n','Response time exceeded timeout value; ',221,NULL,NULL),(374,'',4,3,73,'Loads books for author 295 <PASS JSON>','Loads books for author with id=295','http://localhost:9080/test-service/authors/295/books','JSON',NULL,'HTTP/1.1 200 OK','2016-04-15 01:23:23',30,18,'[\n  {\n    \"id\": 77,\n    \"name\": \"Poplar\",\n    \"year\": 1839,\n    \"authorId\": 295\n  },\n  {\n    \"id\": 78,\n    \"name\": \"Kate\",\n    \"year\": 1839,\n    \"authorId\": 295\n  },\n  {\n    \"id\": 80,\n    \"name\": \"Kobzar\",\n    \"year\": 1840,\n    \"authorId\": 295\n  },\n  {\n    \"id\": 81,\n    \"name\": \"Ivan Pidkova\",\n    \"year\": 1839,\n    \"authorId\": 295\n  }\n]','[\n  {\n    \"id\": 77,\n    \"name\": \"Poplar\",\n    \"year\": 1839,\n    \"authorId\": 295\n  },\n  {\n    \"id\": 78,\n    \"name\": \"Kate\",\n    \"year\": 1839,\n    \"authorId\": 295\n  },\n  {\n    \"id\": 80,\n    \"name\": \"Kobzar\",\n    \"year\": 1840,\n    \"authorId\": 295\n  },\n  {\n    \"id\": 81,\n    \"name\": \"Ivan Pidkova\",\n    \"year\": 1839,\n    \"authorId\": 295\n  }\n]','OK',222,NULL,NULL),(378,'',4,3,71,'Loads books for author 294 <PASS XML>','Loads books for author with id=294','http://localhost:9080/test-service/authors/294/books','XML',NULL,'HTTP/1.1 200 OK','2016-04-15 01:27:20',30,12,'<?xml version=\"1.0\" encoding=\"UTF-8\"?><books>\n  <book>\n    <authorId>294</authorId>\n    <id>74</id>\n    <name>Three Comrades</name>\n    <year>1937</year>\n  </book>\n  <book>\n    <authorId>294</authorId>\n    <id>75</id>\n    <name>All Quiet on the Western Front</name>\n    <year>1929</year>\n  </book>\n  <book>\n    <authorId>294</authorId>\n    <id>76</id>\n    <name>Arch of Triumph</name>\n    <year>1945</year>\n  </book>\n</books>\n','<?xml version=\"1.0\" encoding=\"UTF-8\"?><books>\n  <book>\n    <authorId>294</authorId>\n    <id>74</id>\n    <name>Three Comrades</name>\n    <year>1937</year>\n  </book>\n  <book>\n    <authorId>294</authorId>\n    <id>75</id>\n    <name>All Quiet on the Western Front</name>\n    <year>1929</year>\n  </book>\n  <book>\n    <authorId>294</authorId>\n    <id>76</id>\n    <name>Arch of Triumph</name>\n    <year>1945</year>\n  </book>\n</books>\n','OK',226,NULL,NULL),(380,'',4,3,73,'Loads books for author 295 <PASS JSON>','Loads books for author with id=295','http://localhost:9080/test-service/authors/295/books','JSON',NULL,'HTTP/1.1 200 OK','2016-04-15 01:31:35',30,11,'[\n  {\n    \"id\": 77,\n    \"name\": \"Poplar\",\n    \"year\": 1839,\n    \"authorId\": 295\n  },\n  {\n    \"id\": 78,\n    \"name\": \"Kate\",\n    \"year\": 1839,\n    \"authorId\": 295\n  },\n  {\n    \"id\": 80,\n    \"name\": \"Kobzar\",\n    \"year\": 1840,\n    \"authorId\": 295\n  },\n  {\n    \"id\": 81,\n    \"name\": \"Ivan Pidkova\",\n    \"year\": 1839,\n    \"authorId\": 295\n  }\n]','[\n  {\n    \"id\": 77,\n    \"name\": \"Poplar\",\n    \"year\": 1839,\n    \"authorId\": 295\n  },\n  {\n    \"id\": 78,\n    \"name\": \"Kate\",\n    \"year\": 1839,\n    \"authorId\": 295\n  },\n  {\n    \"id\": 80,\n    \"name\": \"Kobzar\",\n    \"year\": 1840,\n    \"authorId\": 295\n  },\n  {\n    \"id\": 81,\n    \"name\": \"Ivan Pidkova\",\n    \"year\": 1839,\n    \"authorId\": 295\n  }\n]','OK',228,NULL,NULL),(389,'\0',4,3,156,'Creates author <PASS_LOG_XML>','Creates author ','http://localhost:9080/test-service/authors?logging=true','XML','<?xml version=\"1.0\" encoding=\"UTF-8\"?><author> \n  <age>91</age>\n  <firstName>Ray</firstName>\n  <lastName>Bradbury72148</lastName>\n  <salary>0.0</salary>\n</author>\n','HTTP/1.1 200 OK','2016-04-15 01:46:35',30,202,'<?xml version=\"1.0\" encoding=\"UTF-8\"?><author>\n  <age>91</age>\n  <firstName>Ray</firstName>\n  <id>437</id>\n  <lastName>Bradbury72148</lastName>\n  <salary>0.0</salary>\n</author>\n','<?xml version=\"1.0\" encoding=\"UTF-8\"?><author>\n  <age>91</age>\n  <firstName>Ray</firstName>\n  <id>437</id>\n  <lastName>Bradbury72148</lastName>\n  <salary>0.0</salary>\n</author>\n','Response time exceeded timeout value; ',231,NULL,NULL),(393,'\0',4,3,163,'Loads books for author 294 <PASS JSON>_with DB validation_copy','Loads books for author with id=294','http://localhost:9080/test-service/authors/294/books','JSON',NULL,'HTTP/1.1 200 OK','2016-04-15 01:51:09',30,18,'[\r\n  {\r\n    \"id\": 74,\r\n    \"name\": \"Three Comrades\",\r\n    \"year\": 1937,\r\n    \"authorId\": 294\r\n  },\r\n  {\r\n    \"id\": 75,\r\n    \"name\": \"All Quiet on the Western Front\",\r\n    \"year\": 1929,\r\n    \"authorId\": 294\r\n  },\r\n  {\r\n    \"id\": 76,\r\n    \"name\": \"Arch of Triumph\",\r\n    \"year\": 1945,\r\n    \"authorId\": 294\r\n  }\r\n]','[\n  {\n    \"id\": 74,\n    \"name\": \"Three Comrades\",\n    \"year\": 1937,\n    \"authorId\": 294\n  },\n  {\n    \"id\": 75,\n    \"name\": \"All Quiet on the Western Front\",\n    \"year\": 1929,\n    \"authorId\": 294\n  },\n  {\n    \"id\": 76,\n    \"name\": \"Arch of Triumph\",\n    \"year\": 1945,\n    \"authorId\": 294\n  }\n]','Actual response does not match the expected one; ',232,NULL,NULL),(397,'\0',4,3,73,'Loads books for author 295 <PASS JSON>','Loads books for author with id=295','http://localhost:9080/test-service/authors/295/books','JSON',NULL,'HTTP/1.1 200 OK','2016-04-15 02:01:57',30,74,'[\n  {\n    \"id\": 77,\n    \"name\": \"Poplar\",\n    \"year\": 1839,\n    \"authorId\": 295\n  },\n  {\n    \"id\": 78,\n    \"name\": \"Kate\",\n    \"year\": 1839,\n    \"authorId\": 295\n  },\n  {\n    \"id\": 80,\n    \"name\": \"Kobzar\",\n    \"year\": 1840,\n    \"authorId\": 295\n  },\n  {\n    \"id\": 81,\n    \"name\": \"Ivan Pidkova\",\n    \"year\": 1839,\n    \"authorId\": 295\n  }\n]','[{\"id\":77,\"name\":\"Poplar\",\"year\":1839,\"authorId\":295},{\"id\":78,\"name\":\"Kate\",\"year\":1839,\"authorId\":295},{\"id\":80,\"name\":\"Kobzar\",\"year\":1840,\"authorId\":295},{\"id\":81,\"name\":\"Ivan Pidkova\",\"year\":1839,\"authorId\":295}]','Actual response does not match the expected one; Response time exceeded timeout value; ',233,NULL,NULL),(398,'\0',4,3,71,'Loads books for author 294 <PASS XML>','Loads books for author with id=294','http://localhost:9080/test-service/authors/294/books','XML',NULL,'HTTP/1.1 200 OK','2016-04-15 02:02:47',30,9,'<?xml version=\"1.0\" encoding=\"UTF-8\"?><books>\n  <book>\n    <authorId>294</authorId>\n    <id>74</id>\n    <name>Three Comrades</name>\n    <year>1937</year>\n  </book>\n  <book>\n    <authorId>294</authorId>\n    <id>75</id>\n    <name>All Quiet on the Western Front</name>\n    <year>1929</year>\n  </book>\n  <book>\n    <authorId>294</authorId>\n    <id>76</id>\n    <name>Arch of Triumph</name>\n    <year>1945</year>\n  </book>\n</books>\n','<?xml version=\"1.0\" encoding=\"UTF-8\" standalone=\"yes\"?><books><book><authorId>294</authorId><id>74</id><name>Three Comrades</name><year>1937</year></book><book><authorId>294</authorId><id>75</id><name>All Quiet on the Western Front</name><year>1929</year></book><book><authorId>294</authorId><id>76</id><name>Arch of Triumph</name><year>1945</year></book></books>','Actual response does not match the expected one; ',234,NULL,NULL),(399,'\0',4,3,73,'Loads books for author 295 <PASS JSON>','Loads books for author with id=295','http://localhost:9080/test-service/authors/295/books','JSON',NULL,'HTTP/1.1 200 OK','2016-04-15 02:05:01',30,66,'[\n  {\n    \"id\": 77,\n    \"name\": \"Poplar\",\n    \"year\": 1839,\n    \"authorId\": 295\n  },\n  {\n    \"id\": 78,\n    \"name\": \"Kate\",\n    \"year\": 1839,\n    \"authorId\": 295\n  },\n  {\n    \"id\": 80,\n    \"name\": \"Kobzar\",\n    \"year\": 1840,\n    \"authorId\": 295\n  },\n  {\n    \"id\": 81,\n    \"name\": \"Ivan Pidkova\",\n    \"year\": 1839,\n    \"authorId\": 295\n  }\n]','[\n  {\n    \"id\": 77,\n    \"name\": \"Poplar\",\n    \"year\": 1839,\n    \"authorId\": 295\n  },\n  {\n    \"id\": 78,\n    \"name\": \"Kate\",\n    \"year\": 1839,\n    \"authorId\": 295\n  },\n  {\n    \"id\": 80,\n    \"name\": \"Kobzar\",\n    \"year\": 1840,\n    \"authorId\": 295\n  },\n  {\n    \"id\": 81,\n    \"name\": \"Ivan Pidkova\",\n    \"year\": 1839,\n    \"authorId\": 295\n  }\n]','Response time exceeded timeout value; ',235,NULL,NULL),(400,'',4,3,71,'Loads books for author 294 <PASS XML>','Loads books for author with id=294','http://localhost:9080/test-service/authors/294/books','XML',NULL,'HTTP/1.1 200 OK','2016-04-15 02:05:17',30,10,'<?xml version=\"1.0\" encoding=\"UTF-8\"?><books>\n  <book>\n    <authorId>294</authorId>\n    <id>74</id>\n    <name>Three Comrades</name>\n    <year>1937</year>\n  </book>\n  <book>\n    <authorId>294</authorId>\n    <id>75</id>\n    <name>All Quiet on the Western Front</name>\n    <year>1929</year>\n  </book>\n  <book>\n    <authorId>294</authorId>\n    <id>76</id>\n    <name>Arch of Triumph</name>\n    <year>1945</year>\n  </book>\n</books>\n','<?xml version=\"1.0\" encoding=\"UTF-8\"?><books>\n  <book>\n    <authorId>294</authorId>\n    <id>74</id>\n    <name>Three Comrades</name>\n    <year>1937</year>\n  </book>\n  <book>\n    <authorId>294</authorId>\n    <id>75</id>\n    <name>All Quiet on the Western Front</name>\n    <year>1929</year>\n  </book>\n  <book>\n    <authorId>294</authorId>\n    <id>76</id>\n    <name>Arch of Triumph</name>\n    <year>1945</year>\n  </book>\n</books>\n','OK',236,NULL,NULL),(403,'\0',4,3,156,'Creates author <PASS_LOG_XML>','Creates author ','http://localhost:9080/test-service/authors?logging=true','XML','<?xml version=\"1.0\" encoding=\"UTF-8\"?><author> \n  <age>91</age>\n  <firstName>Ray</firstName>\n  <lastName>Bradbury10836</lastName>\n  <salary>0.0</salary>\n</author>\n','HTTP/1.1 200 OK','2016-04-15 02:07:18',30,99,'<?xml version=\"1.0\" encoding=\"UTF-8\"?><author>\r\n  <age>91</age>\r\n  <firstName>Ray</firstName>\r\n  <id>439</id>\r\n  <lastName>Bradbury10836</lastName>\r\n  <salary>0.0</salary>\r\n</author>\r\n','<?xml version=\"1.0\" encoding=\"UTF-8\"?><author>\n  <age>91</age>\n  <firstName>Ray</firstName>\n  <id>439</id>\n  <lastName>Bradbury10836</lastName>\n  <salary>0.0</salary>\n</author>\n','Actual response does not match the expected one; Response time exceeded timeout value; ',237,NULL,NULL),(405,'\0',4,3,76,'Creates author <PASS LOG; JSON>','Creates new author','http://localhost:9080/test-service/authors?logging=true','undefined','{\n  \"firstName\": \"Lesya\",\n  \"lastName\": \"UkrainkaPORVY\",\n  \"age\": 29,\n  \"salary\": 0.0\n}','HTTP/1.1 200 OK','2016-04-15 02:08:55',30,101,'{\r\n  \"id\": 441,\r\n  \"firstName\": \"Lesya\",\r\n  \"lastName\": \"UkrainkaPORVY\",\r\n  \"age\": 29,\r\n  \"salary\": 0.0\r\n}','{\n  \"id\": 441,\n  \"firstName\": \"Lesya\",\n  \"lastName\": \"UkrainkaPORVY\",\n  \"age\": 29,\n  \"salary\": 0.0\n}','Wrong content type; Actual response does not match the expected one; Response time exceeded timeout value; ',238,NULL,NULL),(406,'\0',4,3,76,'Creates author <PASS LOG; JSON>','Creates new author','http://localhost:9080/test-service/authors?logging=true','JSON','{\n  \"firstName\": \"Lesya\",\n  \"lastName\": \"UkrainkaWdgDm\",\n  \"age\": 29,\n  \"salary\": 0.0\n}','HTTP/1.1 200 OK','2016-04-15 02:09:40',30,79,'{\n  \"id\": \"442\",\n  \"firstName\": \"Lesya\",\n  \"lastName\": \"UkrainkaWdgDm\",\n  \"age\": 29,\n  \"salary\": 0.0\n}','{\n  \"id\": 442,\n  \"firstName\": \"Lesya\",\n  \"lastName\": \"UkrainkaWdgDm\",\n  \"age\": 29,\n  \"salary\": 0.0\n}','Actual response does not match the expected one; Response time exceeded timeout value; ',239,NULL,NULL),(407,'\0',4,3,170,'Creates author <PASS LOG; JSON>_copy','Creates new author','http://localhost:9080/test-service/authors?logging=true','JSON','{\n  \"firstName\": \"Lesya\",\n  \"lastName\": \"UkrainkaUMCSo\",\n  \"age\": 29,\n  \"salary\": 0.0\n}','HTTP/1.1 200 OK','2016-04-15 02:10:29',30,96,'{\n  \"id\": \"443\",\n  \"firstName\": \"Lesya\",\n  \"lastName\": \"UkrainkaUMCSo\",\n  \"age\": 29,\n  \"salary\": 0.0\n}','{\n  \"id\": 443,\n  \"firstName\": \"Lesya\",\n  \"lastName\": \"UkrainkaUMCSo\",\n  \"age\": 29,\n  \"salary\": 0.0\n}','Actual response does not match the expected one; Response time exceeded timeout value; ',240,NULL,NULL),(408,'\0',4,3,163,'Loads books for author 294 <PASS JSON>_with DB validation_copy','Loads books for author with id=294','http://localhost:9080/test-service/authors/294/books','JSON',NULL,'HTTP/1.1 200 OK','2016-04-15 02:12:19',30,15,'[\r\n  {\r\n    \"id\": 74,\r\n    \"name\": \"Three Comrades\",\r\n    \"year\": 1937,\r\n    \"authorId\": 294\r\n  },\r\n  {\r\n    \"id\": 75,\r\n    \"name\": \"All Quiet on the Western Front\",\r\n    \"year\": 1929,\r\n    \"authorId\": 294\r\n  },\r\n  {\r\n    \"id\": 76,\r\n    \"name\": \"Arch of Triumph\",\r\n    \"year\": 1945,\r\n    \"authorId\": 294\r\n  }\r\n]','[\n  {\n    \"id\": 74,\n    \"name\": \"Three Comrades\",\n    \"year\": 1937,\n    \"authorId\": 294\n  },\n  {\n    \"id\": 75,\n    \"name\": \"All Quiet on the Western Front\",\n    \"year\": 1929,\n    \"authorId\": 294\n  },\n  {\n    \"id\": 76,\n    \"name\": \"Arch of Triumph\",\n    \"year\": 1945,\n    \"authorId\": 294\n  }\n]','Actual response does not match the expected one; ',241,NULL,NULL),(409,'\0',4,3,170,'Creates author <PASS LOG; JSON>_copy','Creates new author','http://localhost:9080/test-service/authors?logging=true','JSON','{\n  \"firstName\": \"Lesya\",\n  \"lastName\": \"UkrainkaeCR7F\",\n  \"age\": 29,\n  \"salary\": 0.0\n}','HTTP/1.1 200 OK','2016-04-15 02:13:07',30,109,'{\n  \"id\": \"444\",\n  \"firstName\": \"Lesya\",\n  \"lastName\": \"UkrainkaeCR7F\",\n  \"age\": 29,\n  \"salary\": 0.0\n}','{\n  \"id\": 444,\n  \"firstName\": \"Lesya\",\n  \"lastName\": \"UkrainkaeCR7F\",\n  \"age\": 29,\n  \"salary\": 0.0\n}','Actual response does not match the expected one; Response time exceeded timeout value; ',242,NULL,NULL),(410,'\0',4,3,163,'Loads books for author 294 <PASS JSON>_with DB validation','Loads books for author with id=294','http://localhost:9080/test-service/authors/294/books','JSON',NULL,'HTTP/1.1 200 OK','2016-04-15 02:15:05',30,67,'[\n  {\n    \"id\": 74,\n    \"name\": \"Three Comrades\",\n    \"year\": 1937,\n    \"authorId\": 294\n  },\n  {\n    \"id\": 75,\n    \"name\": \"All Quiet on the Western Front\",\n    \"year\": 1929,\n    \"authorId\": 294\n  },\n  {\n    \"id\": 76,\n    \"name\": \"Arch of Triumph\",\n    \"year\": 1945,\n    \"authorId\": 294\n  }\n]','[\n  {\n    \"id\": 74,\n    \"name\": \"Three Comrades\",\n    \"year\": 1937,\n    \"authorId\": 294\n  },\n  {\n    \"id\": 75,\n    \"name\": \"All Quiet on the Western Front\",\n    \"year\": 1929,\n    \"authorId\": 294\n  },\n  {\n    \"id\": 76,\n    \"name\": \"Arch of Triumph\",\n    \"year\": 1945,\n    \"authorId\": 294\n  }\n]','Response time exceeded timeout value; ',243,NULL,NULL),(411,'',4,3,163,'Loads books for author 294 <PASS JSON>_with DB validation','Loads books for author with id=294','http://localhost:9080/test-service/authors/294/books','JSON',NULL,'HTTP/1.1 200 OK','2016-04-15 02:15:36',30,12,'[\n  {\n    \"id\": 74,\n    \"name\": \"Three Comrades\",\n    \"year\": 1937,\n    \"authorId\": 294\n  },\n  {\n    \"id\": 75,\n    \"name\": \"All Quiet on the Western Front\",\n    \"year\": 1929,\n    \"authorId\": 294\n  },\n  {\n    \"id\": 76,\n    \"name\": \"Arch of Triumph\",\n    \"year\": 1945,\n    \"authorId\": 294\n  }\n]','[\n  {\n    \"id\": 74,\n    \"name\": \"Three Comrades\",\n    \"year\": 1937,\n    \"authorId\": 294\n  },\n  {\n    \"id\": 75,\n    \"name\": \"All Quiet on the Western Front\",\n    \"year\": 1929,\n    \"authorId\": 294\n  },\n  {\n    \"id\": 76,\n    \"name\": \"Arch of Triumph\",\n    \"year\": 1945,\n    \"authorId\": 294\n  }\n]','OK',244,NULL,NULL),(412,'',4,3,163,'Loads books for author 294 <PASS JSON>_with DB validation','Loads books for author with id=294','http://localhost:9080/test-service/authors/294/books','JSON',NULL,'HTTP/1.1 200 OK','2016-04-15 02:20:26',30,9,'[\n  {\n    \"id\": 74,\n    \"name\": \"Three Comrades\",\n    \"year\": 1937,\n    \"authorId\": 294\n  },\n  {\n    \"id\": 75,\n    \"name\": \"All Quiet on the Western Front\",\n    \"year\": 1929,\n    \"authorId\": 294\n  },\n  {\n    \"id\": 76,\n    \"name\": \"Arch of Triumph\",\n    \"year\": 1945,\n    \"authorId\": 294\n  }\n]','[\n  {\n    \"id\": 74,\n    \"name\": \"Three Comrades\",\n    \"year\": 1937,\n    \"authorId\": 294\n  },\n  {\n    \"id\": 75,\n    \"name\": \"All Quiet on the Western Front\",\n    \"year\": 1929,\n    \"authorId\": 294\n  },\n  {\n    \"id\": 76,\n    \"name\": \"Arch of Triumph\",\n    \"year\": 1945,\n    \"authorId\": 294\n  }\n]','OK',245,NULL,NULL),(413,'',4,3,163,'Loads books for author 294 <PASS JSON>_with DB validation','Loads books for author with id=294','http://localhost:9080/test-service/authors/294/books','JSON',NULL,'HTTP/1.1 200 OK','2016-04-15 02:23:37',30,10,'[\n  {\n    \"id\": 74,\n    \"name\": \"Three Comrades\",\n    \"year\": 1937,\n    \"authorId\": 294\n  },\n  {\n    \"id\": 75,\n    \"name\": \"All Quiet on the Western Front\",\n    \"year\": 1929,\n    \"authorId\": 294\n  },\n  {\n    \"id\": 76,\n    \"name\": \"Arch of Triumph\",\n    \"year\": 1945,\n    \"authorId\": 294\n  }\n]','[\n  {\n    \"id\": 74,\n    \"name\": \"Three Comrades\",\n    \"year\": 1937,\n    \"authorId\": 294\n  },\n  {\n    \"id\": 75,\n    \"name\": \"All Quiet on the Western Front\",\n    \"year\": 1929,\n    \"authorId\": 294\n  },\n  {\n    \"id\": 76,\n    \"name\": \"Arch of Triumph\",\n    \"year\": 1945,\n    \"authorId\": 294\n  }\n]','OK',246,NULL,NULL),(414,'',4,3,163,'Loads books for author 294 <PASS JSON>_with DB validation','Loads books for author with id=294','http://localhost:9080/test-service/authors/294/books','JSON',NULL,'HTTP/1.1 200 OK','2016-04-15 02:24:10',30,14,'[\n  {\n    \"id\": 74,\n    \"name\": \"Three Comrades\",\n    \"year\": 1937,\n    \"authorId\": 294\n  },\n  {\n    \"id\": 75,\n    \"name\": \"All Quiet on the Western Front\",\n    \"year\": 1929,\n    \"authorId\": 294\n  },\n  {\n    \"id\": 76,\n    \"name\": \"Arch of Triumph\",\n    \"year\": 1945,\n    \"authorId\": 294\n  }\n]','[\n  {\n    \"id\": 74,\n    \"name\": \"Three Comrades\",\n    \"year\": 1937,\n    \"authorId\": 294\n  },\n  {\n    \"id\": 75,\n    \"name\": \"All Quiet on the Western Front\",\n    \"year\": 1929,\n    \"authorId\": 294\n  },\n  {\n    \"id\": 76,\n    \"name\": \"Arch of Triumph\",\n    \"year\": 1945,\n    \"authorId\": 294\n  }\n]','OK',247,NULL,NULL);
/*!40000 ALTER TABLE `ResultHistory` ENABLE KEYS */;
UNLOCK TABLES;

--
-- Table structure for table `ResultHistory_Label`
--

DROP TABLE IF EXISTS `ResultHistory_Label`;
/*!40101 SET @saved_cs_client     = @@character_set_client */;
/*!40101 SET character_set_client = utf8 */;
CREATE TABLE `ResultHistory_Label` (
  `resultHistoryId` int(11) unsigned NOT NULL,
  `labelId` int(11) unsigned NOT NULL,
  PRIMARY KEY (`resultHistoryId`,`labelId`),
  KEY `FK_Result_Label_Label_id` (`labelId`),
  CONSTRAINT `FK_Result_Label_ResultHistory_id` FOREIGN KEY (`resultHistoryId`) REFERENCES `ResultHistory` (`id`) ON DELETE CASCADE ON UPDATE CASCADE,
  CONSTRAINT `FK_Result_Label_Label_id` FOREIGN KEY (`labelId`) REFERENCES `Label` (`id`) ON DELETE CASCADE ON UPDATE CASCADE
) ENGINE=InnoDB DEFAULT CHARSET=utf8 COLLATE=utf8_bin;
/*!40101 SET character_set_client = @saved_cs_client */;

--
-- Dumping data for table `ResultHistory_Label`
--

LOCK TABLES `ResultHistory_Label` WRITE;
/*!40000 ALTER TABLE `ResultHistory_Label` DISABLE KEYS */;
INSERT INTO `ResultHistory_Label` VALUES (263,31),(268,31),(270,31),(272,31),(285,31),(289,31),(305,31),(308,31),(309,31),(310,31),(314,31),(316,31),(322,31),(323,31),(324,31),(325,31),(326,31),(327,31),(328,31),(329,31),(330,31),(331,31),(332,31),(333,31),(334,31),(341,31),(349,31),(350,31),(351,31),(352,31),(353,31),(354,31),(355,31),(356,31),(357,31),(358,31),(359,31),(360,31),(361,31),(362,31),(363,31),(367,31),(368,31),(373,31),(378,31),(389,31),(398,31),(400,31),(403,31),(405,31),(406,31),(407,31),(409,31);
/*!40000 ALTER TABLE `ResultHistory_Label` ENABLE KEYS */;
UNLOCK TABLES;

--
-- Table structure for table `Service`
--

DROP TABLE IF EXISTS `Service`;
/*!40101 SET @saved_cs_client     = @@character_set_client */;
/*!40101 SET character_set_client = utf8 */;
CREATE TABLE `Service` (
  `id` int(10) unsigned NOT NULL AUTO_INCREMENT,
  `name` varchar(75) COLLATE utf8_bin NOT NULL,
  `description` varchar(255) COLLATE utf8_bin NOT NULL,
  `sla` int(10) DEFAULT NULL,
  `deleted` bit(1) NOT NULL DEFAULT b'0',
  PRIMARY KEY (`id`),
  UNIQUE KEY `name` (`name`)
) ENGINE=InnoDB AUTO_INCREMENT=13 DEFAULT CHARSET=utf8 COLLATE=utf8_bin;
/*!40101 SET character_set_client = @saved_cs_client */;

--
-- Dumping data for table `Service`
--

LOCK TABLES `Service` WRITE;
/*!40000 ALTER TABLE `Service` DISABLE KEYS */;
INSERT INTO `Service` VALUES (1,'service_1','description_1',500,'\0'),(2,'service_2','description_2',500,'\0'),(3,'NewService','Someblah-blah-blah',750,'\0'),(5,'testService','ModifyService',750,'\0'),(8,'5thServise','ServiceAfterTileUrah',1000,'\0'),(11,'sla_test','after sla has added',1250,'\0'),(12,'ServicePP','123123',300,'\0');
/*!40000 ALTER TABLE `Service` ENABLE KEYS */;
UNLOCK TABLES;

--
-- Table structure for table `User`
--

DROP TABLE IF EXISTS `User`;
/*!40101 SET @saved_cs_client     = @@character_set_client */;
/*!40101 SET character_set_client = utf8 */;
CREATE TABLE `User` (
  `id` int(10) unsigned NOT NULL AUTO_INCREMENT,
  `username` varchar(75) COLLATE utf8_bin NOT NULL,
  `password` char(32) COLLATE utf8_bin NOT NULL,
  `firstName` varchar(75) COLLATE utf8_bin DEFAULT NULL,
  `lastName` varchar(75) COLLATE utf8_bin DEFAULT NULL,
  `role` varchar(15) COLLATE utf8_bin NOT NULL,
  PRIMARY KEY (`id`),
  UNIQUE KEY `username` (`username`)
) ENGINE=InnoDB AUTO_INCREMENT=12 DEFAULT CHARSET=utf8 COLLATE=utf8_bin;
/*!40101 SET character_set_client = @saved_cs_client */;

--
-- Dumping data for table `User`
--

LOCK TABLES `User` WRITE;
/*!40000 ALTER TABLE `User` DISABLE KEYS */;
INSERT INTO `User` VALUES (3,'taras@mail.comddddddddddddddddddddddddddddddddddd','1234','T0','O','ROLE_QA'),(4,'yura@mail.com','1234',NULL,NULL,'ROLE_QA'),(5,'vicZ@mail.com','1234',NULL,NULL,'ROLE_QA'),(6,'roman@mail.com','1qaz','Roman','Zolotar','ROLE_QA'),(7,'svikv84@gmail.com','s',NULL,NULL,'ROLE_QA'),(8,'anton@mail.com','qw','Anton','Mykytiuk','ROLE_QA'),(9,'taras@mail.com','1234','','','ROLE_QA'),(10,'manager@mail.com','1234',NULL,NULL,'ROLE_MANAGER'),(11,'qa@mail.com','1234',NULL,NULL,'ROLE_QA');
/*!40000 ALTER TABLE `User` ENABLE KEYS */;
UNLOCK TABLES;

--
-- Table structure for table `Variable`
--

DROP TABLE IF EXISTS `Variable`;
/*!40101 SET @saved_cs_client     = @@character_set_client */;
/*!40101 SET character_set_client = utf8 */;
CREATE TABLE `Variable` (
  `id` int(10) unsigned NOT NULL AUTO_INCREMENT,
  `name` varchar(50) COLLATE utf8_bin NOT NULL,
  `value` text COLLATE utf8_bin NOT NULL,
  `isSql` bit(1) DEFAULT NULL,
  `isRandom` bit(1) DEFAULT NULL,
  `dataType` varchar(20) COLLATE utf8_bin DEFAULT NULL,
  `length` int(11) DEFAULT NULL,
  `requestId` int(10) unsigned NOT NULL,
  PRIMARY KEY (`id`),
  KEY `FK_Variable_Request_id` (`requestId`),
  CONSTRAINT `FK_Variable_Request_id` FOREIGN KEY (`requestId`) REFERENCES `Request` (`id`) ON DELETE CASCADE ON UPDATE CASCADE
) ENGINE=InnoDB AUTO_INCREMENT=263 DEFAULT CHARSET=utf8 COLLATE=utf8_bin;
/*!40101 SET character_set_client = @saved_cs_client */;

--
-- Dumping data for table `Variable`
--

LOCK TABLES `Variable` WRITE;
/*!40000 ALTER TABLE `Variable` DISABLE KEYS */;
INSERT INTO `Variable` VALUES (185,'vname','v','\0','\0',NULL,NULL,147),(186,'vname','v','\0','\0',NULL,NULL,148),(229,'firstName','Lesya','\0','\0',NULL,NULL,75),(230,'lastName','Ukrainka','\0','','STRING',16,75),(251,'firstName','Ray','\0','\0',NULL,NULL,156),(252,'lastName','Bradbury','\0','','DIGIT',5,156),(259,'firstName','Lesya','\0','\0',NULL,NULL,76),(260,'lastName','Ukrainka','\0','','STRING',5,76),(261,'firstName','Lesya','\0','\0',NULL,NULL,170),(262,'lastName','Ukrainka','\0','','STRING',5,170);
/*!40000 ALTER TABLE `Variable` ENABLE KEYS */;
UNLOCK TABLES;
/*!40103 SET TIME_ZONE=@OLD_TIME_ZONE */;

/*!40101 SET SQL_MODE=@OLD_SQL_MODE */;
/*!40014 SET FOREIGN_KEY_CHECKS=@OLD_FOREIGN_KEY_CHECKS */;
/*!40014 SET UNIQUE_CHECKS=@OLD_UNIQUE_CHECKS */;
/*!40101 SET CHARACTER_SET_CLIENT=@OLD_CHARACTER_SET_CLIENT */;
/*!40101 SET CHARACTER_SET_RESULTS=@OLD_CHARACTER_SET_RESULTS */;
/*!40101 SET COLLATION_CONNECTION=@OLD_COLLATION_CONNECTION */;
/*!40111 SET SQL_NOTES=@OLD_SQL_NOTES */;

-- Dump completed on 2016-04-15 12:54:09
